dubia,predicted_author,votes,mean_distance
dubia_finans_manifest.txt,martov,2,0.4580617689199122
dubia_nasushnie_zadachi_I.txt,lenin,2,0.3449804933612328
dubia_novoe_poboishe_I.txt,lenin,2,0.35010376520072484
dubia_ot_red_iskry_I.txt,lenin,2,0.3349474701989233
dubia_ot_red_na_pismo_parvusa_I.txt,lenin,3,0.6119356309552736
dubia_poslednee_slovo_bund_I.txt,lenin,5,0.3885720386285567
dubia_priznaki_bankrotstva_I.txt,dubia,1,0.3506590939117744
dubia_slovo_mosc_vedomostyam_I.txt,dubia,1,0.3506590939117744
dubia_zakon_o_voznagr_I.txt,lenin,3,0.3492697600064797
