file_name,ADJ,NOUN,SPACE,ADP,PRON,VERB,CCONJ,PART,ADV,DET,NUM,SCONJ,AUX,PROPN,PUNCT,SYM,X,INTJ,author_folder
dubia_finans_manifest.txt,0.16501650165016502,0.334983498349835,0.036303630363036306,0.09900990099009901,0.036303630363036306,0.14356435643564355,0.052805280528052806,0.0231023102310231,0.037953795379537955,0.03135313531353135,0.00825082508250825,0.009900990099009901,0.0016501650165016502,0.019801980198019802,0.0,0.0,0.0,0.0,dubia
dubia_nasushnie_zadachi_I.txt,0.16699801192842942,0.32538104705102716,0.004638833664678595,0.10470510271703115,0.043074884029158385,0.12259774685222001,0.04837640821736249,0.0291583830351226,0.05765407554671968,0.06096752816434725,0.009940357852882704,0.01656726308813784,0.0033134526176275677,0.0066269052352551355,0.0,0.0,0.0,0.0,dubia
dubia_novoe_poboishe_I.txt,0.13090676883780333,0.31226053639846746,0.007662835249042145,0.0983397190293742,0.04789272030651341,0.14112388250319285,0.05747126436781609,0.05427841634738186,0.05555555555555555,0.03959131545338442,0.01277139208173691,0.02362707535121328,0.010855683269476373,0.0070242656449553,0.0006385696040868455,0.0,0.0,0.0,dubia
dubia_ot_red_iskry_I.txt,0.14905149051490515,0.30420054200542007,0.012872628726287264,0.08401084010840108,0.05758807588075881,0.12601626016260162,0.05420054200542006,0.02981029810298103,0.05962059620596206,0.06233062330623306,0.006097560975609756,0.015582655826558265,0.014227642276422764,0.024390243902439025,0.0,0.0,0.0,0.0,dubia
dubia_ot_red_na_pismo_parvusa_I.txt,0.07804878048780488,0.25853658536585367,0.014634146341463415,0.11219512195121951,0.05365853658536585,0.14146341463414633,0.03414634146341464,0.03414634146341464,0.06829268292682927,0.06341463414634146,0.014634146341463415,0.05365853658536585,0.00975609756097561,0.04390243902439024,0.01951219512195122,0.0,0.0,0.0,dubia
dubia_poslednee_slovo_bund_I.txt,0.14416243654822336,0.28223350253807106,0.003045685279187817,0.09441624365482233,0.04467005076142132,0.132994923857868,0.03553299492385787,0.049746192893401014,0.05482233502538071,0.05888324873096447,0.012182741116751269,0.026395939086294416,0.018274111675126905,0.0416243654822335,0.0,0.0010152284263959391,0.0,0.0,dubia
dubia_priznaki_bankrotstva_I.txt,0.14226190476190476,0.3125,0.007142857142857143,0.10297619047619047,0.055357142857142855,0.1363095238095238,0.042261904761904764,0.04345238095238095,0.0494047619047619,0.05476190476190476,0.005952380952380952,0.023214285714285715,0.01011904761904762,0.01369047619047619,0.0005952380952380953,0.0,0.0,0.0,dubia
dubia_slovo_mosc_vedomostyam_I.txt,0.13088029809035864,0.3008849557522124,0.009781089892873778,0.10293432696786213,0.04285048905449464,0.13879832324173266,0.047973917093619006,0.043782021425244524,0.05728924080111784,0.05402887750349324,0.0055891942244993015,0.02887750349324639,0.020493712156497437,0.014438751746623195,0.0,0.0,0.0013972985561248254,0.0,dubia
dubia_zakon_o_voznagr_I.txt,0.11920529801324503,0.3183538315988647,0.007095553453169348,0.10643330179754021,0.04588457899716178,0.11684011352885525,0.061021759697256386,0.044938505203405865,0.07332071901608325,0.052980132450331126,0.01608325449385052,0.019867549668874173,0.011352885525070956,0.004730368968779565,0.000946073793755913,0.0,0.0,0.000946073793755913,dubia
krupskaya_k_voposu_o_shkole.txt,0.1074468085106383,0.26063829787234044,0.015425531914893617,0.09574468085106383,0.09308510638297872,0.15478723404255318,0.040957446808510635,0.032446808510638296,0.08670212765957447,0.054787234042553194,0.00851063829787234,0.02553191489361702,0.01702127659574468,0.003723404255319149,0.0005319148936170213,0.0,0.0026595744680851063,0.0,krupskaya
krupskaya_o_staroy_iskre.txt,0.125,0.30598159509202455,0.024539877300613498,0.11579754601226994,0.046012269938650305,0.13957055214723926,0.024539877300613498,0.023006134969325152,0.04371165644171779,0.036042944785276074,0.003067484662576687,0.01687116564417178,0.019938650306748466,0.07592024539877301,0.0,0.0,0.0,0.0,krupskaya
krupskaya_samoubiystva_uchashihsya.txt,0.10776410691557065,0.29019940602460753,0.015273652948663556,0.11115825201527366,0.06703436571913449,0.14934238438693254,0.047093763258379294,0.037335596096733134,0.06788290199406025,0.04412388629613916,0.014000848536274925,0.02672889266016122,0.013152312261349173,0.005091217649554518,0.0033941450997030122,0.0,0.00042426813746287653,0.0,krupskaya
krupskaya_shkolnie_kolonii.txt,0.15082382762991128,0.30544993662864384,0.015209125475285171,0.11153358681875793,0.046894803548795945,0.10519645120405577,0.059569074778200254,0.053231939163498096,0.051964512040557666,0.035487959442332066,0.0076045627376425855,0.010139416983523447,0.017743979721166033,0.02788339670468948,0.0012674271229404308,0.0,0.0,0.0,krupskaya
krupskaya_sovmestnoe_obuchenie.txt,0.13230074217489513,0.29235237173281703,0.015166182639561149,0.10229106163278477,0.05969667634720878,0.13585027428202645,0.0484027105517909,0.03549532107131333,0.07195869635366248,0.046143917392707325,0.004194901581155212,0.030655050016134236,0.00935785737334624,0.012907389480477573,0.0006453694740238787,0.0,0.0025814778960955146,0.0,krupskaya
krupskaya_zhenshina_rabotnitsa.txt,0.10361527199008898,0.2905732627548147,0.00641964185155986,0.11026016443293164,0.06543529676765401,0.15159364793332583,0.04764050005631265,0.04527536884784322,0.06892668093253745,0.043135488230656605,0.011262529564140106,0.03423808987498592,0.013515035476968126,0.007208018921049668,0.0006757517738484064,0.0,0.0,0.00022525059128280213,krupskaya
lenin_183_students_I.txt,0.1375886524822695,0.324822695035461,0.005673758865248227,0.09787234042553192,0.05106382978723404,0.14184397163120568,0.05531914893617021,0.02695035460992908,0.05177304964539007,0.05035460992907802,0.00851063829787234,0.02624113475177305,0.010638297872340425,0.010638297872340425,0.0007092198581560284,0.0,0.0,0.0,lenin
lenin_1st_of_may.txt,0.13306852035749753,0.35948361469712015,0.012909632571996028,0.10427010923535253,0.0407149950347567,0.12611717974180736,0.05958291956305859,0.027805362462760674,0.03277060575968222,0.06852035749751738,0.0029791459781529296,0.012909632571996028,0.004965243296921549,0.013902681231380337,0.0,0.0,0.0,0.0,lenin
lenin_anarhizm_i_socializm.txt,0.17866666666666667,0.34933333333333333,0.006666666666666667,0.088,0.029333333333333333,0.09066666666666667,0.05466666666666667,0.03333333333333333,0.058666666666666666,0.05466666666666667,0.0026666666666666666,0.021333333333333333,0.013333333333333334,0.018666666666666668,0.0,0.0,0.0,0.0,lenin
lenin_chego_dobivaemsya.txt,0.14592998734711093,0.3137916490932096,0.012231126107127795,0.09869253479544496,0.059046815689582456,0.12399831294812315,0.05693800084352594,0.036693378321383384,0.04006748207507381,0.05693800084352594,0.007591733445803458,0.02066638549135386,0.010122311261071278,0.013918177983973008,0.001687051876845213,0.0,0.001687051876845213,0.0,lenin
lenin_china_war_I.txt,0.12348993288590604,0.3087248322147651,0.006711409395973154,0.11006711409395974,0.05570469798657718,0.1436241610738255,0.050335570469798654,0.042281879194630875,0.056375838926174496,0.038926174496644296,0.0087248322147651,0.016778523489932886,0.0013422818791946308,0.036241610738255034,0.0,0.0,0.0,0.0006711409395973154,lenin
lenin_chto_delat'.txt,0.13336028770242375,0.2749132849573341,0.0343029812950865,0.09641861553848445,0.056838252505692334,0.11797501755580618,0.05517843083012364,0.04490030430064052,0.06666950396867619,0.04911369778477646,0.011150596897410252,0.027897772008597024,0.010725001595982381,0.01619390121933054,0.001319345434426404,0.0016172621454259145,0.0012129466090694358,0.0002127976507139361,lenin
lenin_era_reform_I.txt,0.13129318854886476,0.32379072063178677,0.007403751233958539,0.10809476801579466,0.03356367226061204,0.13030602171767028,0.04886475814412636,0.05231984205330701,0.06367226061204344,0.04590325765054294,0.012833168805528134,0.022211253701875617,0.01579466929911155,0.0024679170779861796,0.0004935834155972359,0.0,0.0,0.0009871668311944718,lenin
lenin_k_der_bednote_cdprogramma.txt,0.11609760711245626,0.28132980232668114,0.009647214603234654,0.10020807717771682,0.05197200416154355,0.13685803461647592,0.06228128251205902,0.04388536839118509,0.07694126548756267,0.05821431949304833,0.016315142343705666,0.0246382294523787,0.009694504870897569,0.011491535042088339,4.7290267662914974e-05,4.7290267662914974e-05,0.0,0.0003310318736404048,lenin
lenin_k_partii.txt,0.14057971014492754,0.32028985507246377,0.014009661835748793,0.09951690821256039,0.05458937198067633,0.1280193236714976,0.044444444444444446,0.03961352657004831,0.06521739130434782,0.0536231884057971,0.004347826086956522,0.01352657004830918,0.00821256038647343,0.011594202898550725,0.0024154589371980675,0.0,0.0,0.0,lenin
lenin_l_n_tolstoy.txt,0.17734375,0.3171875,0.0140625,0.10625,0.046875,0.096875,0.0625,0.0265625,0.03359375,0.05078125,0.00546875,0.02109375,0.00546875,0.034375,0.00078125,0.0,0.0,0.00078125,lenin
lenin_les_beaux_esprits_I.txt,0.14435946462715105,0.29158699808795413,0.010516252390057362,0.08891013384321224,0.04780114722753346,0.11663479923518165,0.06596558317399617,0.04110898661567878,0.07552581261950286,0.0372848948374761,0.004780114722753346,0.021032504780114723,0.0076481835564053535,0.03441682600382409,0.0,0.0009560229445506692,0.011472275334608031,0.0,lenin
lenin_lntolstoy_i_rab_dvizhenie.txt,0.15706806282722513,0.3023560209424084,0.011780104712041885,0.12303664921465969,0.056282722513089,0.09816753926701571,0.04450261780104712,0.0274869109947644,0.03664921465968586,0.06675392670157068,0.002617801047120419,0.014397905759162303,0.010471204188481676,0.04581151832460733,0.002617801047120419,0.0,0.0,0.0,lenin
lenin_max_min_I.txt,0.0967741935483871,0.2569124423963134,0.013824884792626729,0.10426267281105991,0.06566820276497695,0.1284562211981567,0.05357142857142857,0.05933179723502304,0.07834101382488479,0.04205069124423963,0.014976958525345621,0.03571428571428571,0.012672811059907835,0.028225806451612902,0.0,0.0034562211981566822,0.004032258064516129,0.0017281105990783411,lenin
lenin_nacionalniy_vopros_I.txt,0.16125150421179302,0.28640192539109505,0.005214600882470918,0.09787404733253109,0.04693140794223827,0.11432009626955475,0.047332531087043724,0.04653028479743281,0.06337745687926194,0.04973926995587646,0.004412354592860008,0.02727637384677096,0.008824709185720016,0.03730445246690734,0.0008022462896109105,0.0008022462896109105,0.001604492579221821,0.0,lenin
lenin_narodnichestvo_I.txt,0.17617526243724327,0.30077590141487903,0.005933363760839799,0.1026928343222273,0.042902784116841626,0.10680054769511639,0.056138749429484255,0.03605659516202647,0.06481058877225011,0.03696942035600183,0.005476951163852123,0.024189867640346873,0.006846188954815153,0.02738475581926061,0.0022820629849383844,0.0013692377909630307,0.0022820629849383844,0.0009128251939753537,lenin
lenin_ne_potuhla_iskra.txt,0.07230614300100704,0.18006042296072508,0.0052366565961732125,0.09486404833836858,0.10755287009063444,0.16455186304128902,0.04974823766364552,0.05639476334340383,0.08539778449144009,0.04028197381671702,0.008459214501510574,0.04169184290030212,0.01772406847935549,0.0688821752265861,0.002215508559919436,0.0,0.004229607250755287,0.0004028197381671702,lenin
lenin_nepodan_zayzvlenie.txt,0.10683760683760683,0.2623931623931624,0.07606837606837606,0.1,0.0547008547008547,0.1094017094017094,0.044444444444444446,0.023931623931623933,0.06068376068376068,0.05384615384615385,0.021367521367521368,0.03076923076923077,0.019658119658119658,0.03418803418803419,0.0,0.0,0.0017094017094017094,0.0,lenin
lenin_nuzhna_li_partiya_I.txt,0.17062937062937064,0.26853146853146853,0.011188811188811189,0.1048951048951049,0.04265734265734266,0.0993006993006993,0.05104895104895105,0.04755244755244755,0.06643356643356643,0.046153846153846156,0.012587412587412588,0.022377622377622378,0.009790209790209791,0.045454545454545456,0.0,0.0013986013986013986,0.0,0.0,lenin
lenin_o_manifeste_armyan_I.txt,0.18396711202466598,0.29804727646454265,0.008221993833504625,0.10996916752312436,0.0421377183967112,0.10483042137718397,0.050359712230215826,0.022610483042137718,0.06166495375128469,0.052415210688591986,0.006166495375128468,0.015416238437821172,0.009249743062692703,0.0328879753340185,0.0,0.0010277492291880781,0.0,0.0010277492291880781,lenin
lenin_ob_obstoyatelstvah.txt,0.08987341772151898,0.2189873417721519,0.013291139240506329,0.11645569620253164,0.0759493670886076,0.14810126582278482,0.03670886075949367,0.05569620253164557,0.07151898734177216,0.03670886075949367,0.013291139240506329,0.03734177215189873,0.012025316455696202,0.06265822784810127,0.00949367088607595,0.0006329113924050633,0.0012658227848101266,0.0,lenin
lenin_ot_narodnichestva_marx.txt,0.15141430948419302,0.3161397670549085,0.033277870216306155,0.10926234054353855,0.04326123128119801,0.09595119245701608,0.048252911813643926,0.05268996117581808,0.05823627287853577,0.04492512479201331,0.006100942872989462,0.02384914032168608,0.0066555740432612314,0.00887409872434831,0.0005546311702717693,0.0005546311702717693,0.0,0.0,lenin
lenin_otvet_na_kritiku.txt,0.14074253821887892,0.30696432904634796,0.007037126910943946,0.10143169133705411,0.04586265469546227,0.11307934967240961,0.049987867022567335,0.04610531424411551,0.05993690851735016,0.050715845668527056,0.016258189759767047,0.031788400873574374,0.013831594273234651,0.01019170104343606,0.004367871875758311,0.0,0.0002426595486532395,0.001455957291919437,lenin
lenin_padenie_port_artura.txt,0.16912092815707275,0.2936189201249442,0.0142793395805444,0.08969210174029452,0.0392681838464971,0.12583668005354753,0.051316376617581434,0.035252119589468986,0.06604194556001784,0.04239178937974119,0.012048192771084338,0.019187862561356538,0.0049085229808121375,0.03614457831325301,0.0,0.0,0.000892458723784025,0.0,lenin
lenin_partiynaya_organizaciya_i_literatura.txt,0.19215686274509805,0.29477124183006537,0.02287581699346405,0.08758169934640522,0.0542483660130719,0.10915032679738562,0.0542483660130719,0.04379084967320261,0.050980392156862744,0.047058823529411764,0.00392156862745098,0.01568627450980392,0.015032679738562092,0.00784313725490196,0.00065359477124183,0.0,0.0,0.0,lenin
lenin_pervaya_pobeda_revolucii.txt,0.14563106796116504,0.3260091977516607,0.015329586101175269,0.09504343382728667,0.03781297904956566,0.14052120592743997,0.041389882473173226,0.038834951456310676,0.05978538579458355,0.03730199284619315,0.007153806847215125,0.022483392948390392,0.008175779253960144,0.02452733776188043,0.0,0.0,0.0,0.0,lenin
lenin_pismo_v_iskru_I.txt,0.1215034965034965,0.270979020979021,0.009615384615384616,0.12062937062937062,0.06905594405594405,0.12237762237762238,0.055944055944055944,0.055944055944055944,0.051573426573426576,0.07342657342657342,0.004370629370629371,0.028846153846153848,0.009615384615384616,0.005244755244755245,0.0008741258741258741,0.0,0.0,0.0,lenin
lenin_po_povodu_bunda_I.txt,0.1113662456946039,0.23076923076923078,0.012055109070034443,0.09988518943742825,0.05568312284730195,0.14408725602755454,0.04649827784156142,0.04936854190585534,0.07520091848450057,0.04535017221584386,0.012629161882893225,0.04190585533869116,0.016647531572904706,0.05797933409873708,0.0,0.000574052812858783,0.0,0.0,lenin
lenin_pochemu_quit.txt,0.09859943977591036,0.3176470588235294,0.014005602240896359,0.12605042016806722,0.05266106442577031,0.10868347338935574,0.047058823529411764,0.03697478991596639,0.05826330532212885,0.039775910364145656,0.026330532212885154,0.020168067226890758,0.0061624649859943975,0.036414565826330535,0.00392156862745098,0.00392156862745098,0.0028011204481792717,0.0005602240896358543,lenin
lenin_polozhenie_bunda_I.txt,0.14072632944228275,0.3119325551232166,0.00616083009079118,0.10343709468223086,0.05025940337224384,0.11640726329442283,0.04474708171206226,0.03955901426718547,0.05285343709468223,0.04928664072632944,0.00940337224383917,0.027237354085603113,0.010051880674448769,0.02885862516212711,0.0012970168612191958,0.0009727626459143969,0.006809338521400778,0.0,lenin
lenin_pril_k_chto_delat'_I.txt,0.10192697768762678,0.31389452332657203,0.03296146044624747,0.11511156186612576,0.049188640973630834,0.11612576064908722,0.037525354969574036,0.03701825557809331,0.05425963488843814,0.04006085192697769,0.02484787018255578,0.02636916835699797,0.007099391480730223,0.029411764705882353,0.005578093306288032,0.005070993914807302,0.0035496957403651115,0.0,lenin
lenin_proekt_ustava_rsdrp.txt,0.10698689956331878,0.32532751091703055,0.04585152838427948,0.08733624454148471,0.019650655021834062,0.1091703056768559,0.07205240174672489,0.019650655021834062,0.034934497816593885,0.05240174672489083,0.04585152838427948,0.019650655021834062,0.002183406113537118,0.05895196506550218,0.0,0.0,0.0,0.0,lenin
lenin_rab_i_burzh_dem.txt,0.16608323609490472,0.3131077401789187,0.03150525087514586,0.09801633605600933,0.03811746402178141,0.11046285492026449,0.045118630882924934,0.033061065733177755,0.047841306884480746,0.043951769739401014,0.010112796577207312,0.024893037728510307,0.0066122131466355505,0.024115130299494362,0.0019447685725398677,0.004667444574095682,0.0,0.00038895371450797355,lenin
lenin_rab_partya_krestvo_I.txt,0.13694975544686527,0.31836371720764783,0.004001778568252557,0.10582481102712317,0.05113383726100489,0.1316140506891952,0.061805246776345045,0.036905291240551356,0.04802134281903068,0.05380168963983993,0.0022232103156958646,0.02578923966207203,0.013783903957314362,0.008892841262783458,0.0,0.0,0.0,0.0008892841262783459,lenin
lenin_rasskaz_o_II_cyezde.txt,0.08786316776007498,0.2935801312089972,0.019915651358950327,0.12277413308341144,0.04053420805998126,0.11972820993439551,0.04896907216494845,0.03491096532333646,0.062089971883786316,0.039831302717900655,0.03350515463917526,0.024601686972820995,0.016166822867853797,0.04896907216494845,0.0023430178069353325,0.0018744142455482662,0.0021087160262417996,0.00023430178069353328,lenin
lenin_rec_parvus.txt,0.22119815668202766,0.31105990783410137,0.0069124423963133645,0.12211981566820276,0.03456221198156682,0.10829493087557604,0.03917050691244239,0.009216589861751152,0.027649769585253458,0.027649769585253458,0.01152073732718894,0.01152073732718894,0.002304147465437788,0.059907834101382486,0.004608294930875576,0.002304147465437788,0.0,0.0,lenin
lenin_s_chego_nachat'_I.txt,0.1612756264236902,0.2856492027334852,0.007289293849658315,0.10523917995444192,0.04829157175398633,0.11389521640091116,0.06013667425968109,0.04738041002277904,0.07152619589977222,0.05284738041002278,0.010478359908883827,0.0214123006833713,0.010478359908883827,0.0031890660592255125,0.0009111617312072893,0.0,0.0,0.0,lenin
lenin_samoderzh_kolebletsya_I.txt,0.14362778152393796,0.3135536075522589,0.014160485502360081,0.09912339851652056,0.04652730950775455,0.12204989885367498,0.055967633175994604,0.03506405933917734,0.07484828051247472,0.053270397842211735,0.005394470667565745,0.020903573836817263,0.006743088334457181,0.008766014834794335,0.0,0.0,0.0,0.0,lenin
lenin_shag_vpered_2nazad.txt,0.11214541101608153,0.27867819622296774,0.008946431665327851,0.11211390949613319,0.055253665989383985,0.11885523476507741,0.04952038935878656,0.0405267054135362,0.06188473593850903,0.047724802721731324,0.019420687048150073,0.0261620123170943,0.012427349619619147,0.04523618264581266,0.007891130747058545,0.0007875379987084377,0.0017955866370552378,0.0006300303989667501,lenin
lenin_sorvalos_I.txt,0.10400562192550948,0.24806746310611386,0.018973998594518624,0.10681658468025299,0.08151791988756149,0.14195361911454674,0.04005621925509487,0.04848910751932537,0.06254392129304287,0.05692199578355587,0.009135628952916374,0.03443429374560787,0.009135628952916374,0.02881236823612087,0.0007027406886858749,0.004919184820801124,0.0021082220660576245,0.0014054813773717498,lenin
lenin_spb_stachka.txt,0.16585365853658537,0.36585365853658536,0.01951219512195122,0.10121951219512196,0.026829268292682926,0.1,0.05,0.018292682926829267,0.042682926829268296,0.03536585365853658,0.03780487804878049,0.013414634146341463,0.006097560975609756,0.01097560975609756,0.003658536585365854,0.0,0.0024390243902439024,0.0,lenin
lenin_struve_izoblichen_I.txt,0.13769633507853404,0.2926701570680628,0.007853403141361256,0.09476439790575916,0.050785340314136125,0.1130890052356021,0.05445026178010471,0.05130890052356021,0.06230366492146597,0.030366492146596858,0.008376963350785341,0.02774869109947644,0.01099476439790576,0.050785340314136125,0.0015706806282722514,0.0031413612565445027,0.0015706806282722514,0.0005235602094240838,lenin
lenin_tolstoy_kak_zerkalo_rev.txt,0.16825863335782512,0.33504775900073475,0.014695077149155033,0.0940484937545922,0.041146216017634095,0.10213078618662748,0.06245407788390889,0.03085966201322557,0.05731080088170463,0.04188096987509184,0.008082292432035268,0.01689933872152829,0.0073475385745775165,0.019103600293901544,0.0,0.0,0.0,0.0007347538574577516,lenin
lenin_tostoy_i_ego_epoha.txt,0.1510673234811166,0.2684729064039409,0.042692939244663386,0.09195402298850575,0.047619047619047616,0.10673234811165845,0.04926108374384237,0.034482758620689655,0.05665024630541872,0.053366174055829226,0.0090311986863711,0.029556650246305417,0.005747126436781609,0.05008210180623974,0.003284072249589491,0.0,0.0,0.0,lenin
lenin_tsennoe_priznanie_I.txt,0.1455,0.2945,0.009,0.1085,0.048,0.131,0.065,0.0435,0.061,0.041,0.008,0.027,0.004,0.012,0.001,0.0,0.0,0.001,lenin
lenin_zadachi_rev_molodezhy.txt,0.17020711630377058,0.29314922995220394,0.007434944237918215,0.10116834838024429,0.03770578863515667,0.1048858204992034,0.06001062134891131,0.04195432819968136,0.07142857142857142,0.05177907594264471,0.012745618693574084,0.022835900159320233,0.008497079129049389,0.01009028146574615,0.0007966011683483802,0.0037174721189591076,0.0005310674455655868,0.0010621348911311736,lenin
lenin_zemsk_kampania_iskra.txt,0.13975044563279856,0.3067736185383244,0.02067736185383244,0.11033868092691622,0.05222816399286988,0.11639928698752228,0.04688057040998218,0.0427807486631016,0.061319073083778965,0.047058823529411764,0.0053475935828877,0.025668449197860963,0.010873440285204991,0.012477718360071301,0.00089126559714795,0.00035650623885918,0.0,0.00017825311942959,lenin
martov_borba_za_svobodu_I.txt,0.15951492537313433,0.3069029850746269,0.008395522388059701,0.10914179104477612,0.058768656716417914,0.11318407960199005,0.04508706467661692,0.03824626865671642,0.040733830845771146,0.05752487562189055,0.006840796019900498,0.030783582089552237,0.01181592039800995,0.00777363184079602,0.0012437810945273632,0.0,0.003109452736318408,0.0009328358208955224,martov
martov_boykot_dumy_i_rev_samoupravlenie_I.txt,0.1290723700571997,0.2882367570256155,0.00945038547624969,0.10867943297687142,0.06291967172345188,0.1350410345685153,0.04078587416065655,0.03730415319572246,0.06665008704302412,0.049241482218353644,0.006217358865953743,0.03456851529470281,0.013429495150460085,0.014175578214374533,0.002486943546381497,0.0002486943546381497,0.0,0.0014921661278288984,martov
martov_demokraty_ponevole_I.txt,0.12048192771084337,0.26506024096385544,0.0107095046854083,0.09303882195448461,0.08768406961178045,0.14323962516733602,0.03748326639892905,0.04819277108433735,0.03815261044176707,0.05421686746987952,0.0033467202141900937,0.04350736278447122,0.018741633199464525,0.03145917001338688,0.0013386880856760374,0.0006693440428380187,0.002677376171352075,0.0,martov
martov_gibel_port_artura_I.txt,0.1583747927031509,0.31260364842454397,0.014096185737976783,0.12106135986733002,0.0505804311774461,0.10862354892205639,0.04809286898839138,0.017412935323383085,0.04975124378109453,0.04311774461028192,0.007462686567164179,0.02404643449419569,0.003316749585406302,0.03648424543946932,0.001658374792703151,0.0008291873963515755,0.001658374792703151,0.0008291873963515755,martov
martov_golod_idet_I.txt,0.17468354430379746,0.33164556962025316,0.01139240506329114,0.10632911392405063,0.04810126582278481,0.14303797468354432,0.04430379746835443,0.024050632911392405,0.02911392405063291,0.043037974683544304,0.007594936708860759,0.020253164556962026,0.006329113924050633,0.010126582278481013,0.0,0.0,0.0,0.0,martov
martov_itogi_polit_razvitiya.txt,0.2039486673247779,0.3200394866732478,0.006712734452122409,0.1228035538005923,0.029220138203356366,0.10365251727541955,0.05824284304047384,0.02566633761105627,0.05093780848963475,0.04264560710760119,0.0033563672260612043,0.012438302073050345,0.007107601184600198,0.013228035538005924,0.0,0.0,0.0,0.0,martov
martov_itogi_zemskogo_parlamenta_I.txt,0.18376302797586397,0.2885353812397148,0.00877674163466813,0.09489851892484914,0.049917718047174986,0.13439385628085573,0.039495337356006584,0.027975863960504662,0.06198573779484366,0.053208996160175534,0.004388370817334065,0.024136039495337356,0.016456390565002744,0.008228195282501372,0.0005485463521667581,0.0005485463521667581,0.0027427317608337905,0.0,martov
martov_klass_protiv_klassa.txt,0.1,0.3373376623376623,0.011363636363636364,0.09902597402597403,0.06266233766233766,0.14675324675324675,0.05422077922077922,0.026298701298701297,0.03538961038961039,0.07727272727272727,0.010064935064935065,0.02564935064935065,0.006493506493506494,0.006818181818181818,0.0006493506493506494,0.0,0.0,0.0,martov
martov_krovavoe_bezumie.txt,0.14995483288166214,0.27461607949412825,0.02168021680216802,0.1120144534778681,0.04336043360433604,0.10659439927732611,0.04607046070460705,0.037940379403794036,0.04607046070460705,0.05058717253839205,0.013550135501355014,0.028003613369467027,0.018066847335140017,0.04968383017163505,0.0018066847335140017,0.0,0.0,0.0,martov
martov_liberal_izmeny_I.txt,0.1533044420368364,0.3358613217768147,0.012459371614301192,0.11538461538461539,0.04875406283856988,0.12621885157096424,0.029794149512459372,0.02600216684723727,0.04171180931744312,0.05200433369447454,0.004333694474539545,0.028169014084507043,0.004333694474539545,0.018418201516793065,0.0,0.0010834236186348862,0.0016251354279523294,0.0005417118093174431,martov
martov_liberal_realizm_I.txt,0.1468451242829828,0.2948374760994264,0.0076481835564053535,0.10363288718929255,0.05927342256214149,0.1372848948374761,0.04550669216061185,0.048948374760994263,0.045889101338432124,0.048565965583174,0.0030592734225621415,0.02982791586998088,0.008413001912045888,0.01606118546845124,0.002294455066921606,0.001147227533460803,0.0,0.0007648183556405354,martov
martov_mirovoy_bolshevizm_NQ.txt,0.16959360933240347,0.3147784188169657,0.015215875229823116,0.1077157167311228,0.04336524440499588,0.11025169593609332,0.04089266468014962,0.030875546820516072,0.046408419450960504,0.04723261269257592,0.004754961009319723,0.02447219932796551,0.007988334495657135,0.03512331198884169,0.0006973942813668928,0.00019019844037278895,0.00025359792049705195,0.00019019844037278895,martov
martov_nash_cyezd_I.txt,0.16628873771730915,0.30687830687830686,0.006802721088435374,0.09863945578231292,0.0472411186696901,0.12055933484504913,0.04308390022675737,0.030612244897959183,0.05291005291005291,0.059334845049130766,0.006424792139077854,0.02305366591080877,0.015117157974300832,0.022297808012093728,0.0007558578987150416,0.0,0.0,0.0,martov
martov_ne_nachalo_li_povorota_I.txt,0.15231340763255657,0.3073286052009456,0.013171225937183385,0.11415062478892266,0.06011482607227288,0.13880445795339413,0.03275920297196893,0.034447821681864235,0.05268490374873354,0.04559270516717325,0.004052684903748734,0.02397838568051334,0.010469436001350895,0.010131712259371834,0.0,0.0,0.0,0.0,martov
martov_o_4_syezde_Bunda_I.txt,0.13112884834663627,0.2896237172177879,0.011402508551881414,0.12314709236031927,0.046750285062713795,0.12998859749144812,0.02508551881413911,0.036488027366020526,0.055872291904218926,0.04218928164196123,0.014823261117445839,0.029646522234891677,0.005701254275940707,0.05701254275940707,0.0011402508551881414,0.0,0.0,0.0,martov
martov_o_terrore_I.txt,0.16482734069063723,0.32075471698113206,0.00533997864008544,0.11071555713777145,0.050907796368814526,0.1245995016019936,0.03631185475258099,0.032039871840512636,0.04307582769668921,0.056247775008899964,0.004627981488074048,0.024563901744393022,0.013527945888216448,0.011747953008187968,0.000711997152011392,0.0,0.0,0.0,martov
martov_polit_partii_v_Rosii.txt,0.13058837860884395,0.3162382750639542,0.01035448897551468,0.10585942258496772,0.045437933974905594,0.13363381654281886,0.05506151784626629,0.03313436472164697,0.048117919356803505,0.05262516749908637,0.007674503593616762,0.029601656718236082,0.007918138628334754,0.0225362407114143,0.0009745401388719698,0.0,0.00012181751735899622,0.00012181751735899622,martov
martov_pravitelstvo_na_skamye_podsudimyh_I.txt,0.1152542372881356,0.3480225988700565,0.007909604519774011,0.11694915254237288,0.0480225988700565,0.13728813559322034,0.04463276836158192,0.02824858757062147,0.03559322033898305,0.05084745762711865,0.00847457627118644,0.024858757062146894,0.005084745762711864,0.02655367231638418,0.0011299435028248588,0.0,0.0,0.0011299435028248588,martov
martov_probuzhdenie_demokratii_I.txt,0.18998628257887518,0.311042524005487,0.01131687242798354,0.10939643347050755,0.05178326474622771,0.11694101508916324,0.04046639231824417,0.027777777777777776,0.04458161865569273,0.05281207133058985,0.004801097393689987,0.02194787379972565,0.00823045267489712,0.00823045267489712,0.0003429355281207133,0.0,0.0,0.0003429355281207133,martov
martov_razgrom_I.txt,0.1694501018329939,0.28228105906313644,0.006924643584521385,0.10061099796334012,0.0505091649694501,0.13116089613034623,0.048879837067209775,0.03747454175152749,0.054582484725050916,0.05213849287169043,0.006109979633401222,0.024032586558044806,0.010590631364562118,0.023625254582484725,0.0004073319755600815,0.0,0.0,0.0012219959266802445,martov
martov_slezy_starogo_krokodila_I.txt,0.1328042328042328,0.308994708994709,0.014285714285714285,0.11375661375661375,0.051322751322751325,0.13227513227513227,0.0417989417989418,0.03650793650793651,0.05026455026455026,0.04338624338624339,0.00582010582010582,0.0328042328042328,0.0068783068783068784,0.0291005291005291,0.0,0.0,0.0,0.0,martov
martov_soc_dem_1905_1907.txt,0.2019736842105263,0.3414473684210526,0.010526315789473684,0.12368421052631579,0.019736842105263157,0.10197368421052631,0.04473684210526316,0.021710526315789475,0.04473684210526316,0.039473684210526314,0.006578947368421052,0.019736842105263157,0.0059210526315789476,0.017105263157894738,0.0006578947368421052,0.0,0.0,0.0,martov
martov_tak_li_my_gotovimsya_I.txt,0.15871369294605808,0.30013831258644535,0.00656984785615491,0.09923928077455048,0.04979253112033195,0.1313969571230982,0.039764868603042874,0.029737206085753802,0.052904564315352696,0.07503457814661134,0.006224066390041493,0.02627939142461964,0.01590594744121715,0.007607192254495159,0.0,0.0,0.0,0.0006915629322268327,martov
martov_voyna_i_ross_dem.txt,0.1688145974224831,0.30037003955595254,0.008676789587852495,0.1162434605078474,0.047977542426949085,0.12185785377057548,0.04644634426438688,0.032282761260686486,0.04491514610182468,0.04338394793926247,0.0051039938752073495,0.02488197014163583,0.012887584534898558,0.024371570754115095,0.0007655990812811025,0.00025519969376036747,0.0006379992344009187,0.00012759984688018373,martov
ortodox_eshe1_kritik_Marxa.txt,0.11551639745472345,0.2907488986784141,0.016152716593245228,0.08516886930983847,0.050416054821341164,0.13264806656877143,0.040137053352912386,0.033284385707293196,0.050416054821341164,0.05335291238374939,0.005873715124816446,0.028389623103279492,0.013705335291238374,0.04503181595692609,0.0009789525208027412,0.0004894762604013706,0.03671071953010279,0.0009789525208027412,ortodox
ortodox_pismo_evreya_k_evreyam_I.txt,0.17993840739111305,0.26616805983282005,0.01627804663440387,0.097228332600088,0.047954245490541135,0.11834579850417949,0.04663440387153542,0.03783545974483062,0.05411350637923449,0.05103387593488781,0.0061592608886933565,0.039595248570171576,0.015398152221733392,0.02287725472943247,0.0,0.0,0.0,0.0004399472063352398,ortodox
ortodox_v_otvet_Bovu_I.txt,0.14450354609929078,0.2777777777777778,0.0056146572104018916,0.09042553191489362,0.05969267139479906,0.12145390070921985,0.04934988179669031,0.041371158392434985,0.057919621749408984,0.05260047281323877,0.00591016548463357,0.033983451536643026,0.010638297872340425,0.02984633569739953,0.0062056737588652485,0.0026595744680851063,0.01004728132387707,0.0,ortodox
parvus_bez_tsarya_pravitelstvo_rabochee.txt,0.14323258869908015,0.29697766097240474,0.03416557161629435,0.08804204993429698,0.05519053876478318,0.14060446780551905,0.056504599211563734,0.04467805519053877,0.03153745072273324,0.04467805519053877,0.006570302233902759,0.03416557161629435,0.013140604467805518,0.010512483574244415,0.0,0.0,0.0,0.0,parvus
parvus_borba_protiv_tsarizma.txt,0.15033947623666344,0.2725509214354995,0.023278370514064017,0.0950533462657614,0.08050436469447139,0.13579049466537343,0.0446168768186227,0.028128031037827354,0.05916585838991271,0.038797284190106696,0.005819592628516004,0.031037827352085354,0.016488845780795344,0.01842870999030068,0.0,0.0,0.0,0.0,parvus
parvus_do_9_january_predislovie.txt,0.1737565445026178,0.28075916230366493,0.01799738219895288,0.10732984293193717,0.06086387434554974,0.12336387434554974,0.045157068062827224,0.03043193717277487,0.055628272251308904,0.046793193717277484,0.00556282722513089,0.02519633507853403,0.011780104712041885,0.01407068062827225,0.0013089005235602095,0.0,0.0,0.0,parvus
parvus_hod_revolucii.txt,0.15080645161290324,0.29838709677419356,0.027419354838709678,0.09274193548387097,0.06290322580645161,0.12741935483870967,0.05161290322580645,0.03951612903225806,0.043548387096774194,0.05403225806451613,0.0032258064516129032,0.028225806451612902,0.01129032258064516,0.008870967741935484,0.0,0.0,0.0,0.0,parvus
parvus_itogi_i_perspektivy_I.txt,0.13525963149078726,0.28726968174204354,0.016331658291457288,0.10217755443886097,0.059045226130653265,0.1423785594639866,0.052763819095477386,0.04355108877721943,0.051926298157453935,0.04187604690117253,0.0046063651591289785,0.023031825795644893,0.023031825795644893,0.016331658291457288,0.0,0.0,0.0,0.0004187604690117253,parvus
parvus_ministerstvo_Briana_France.txt,0.13552833078101073,0.2901990811638591,0.020673813169984685,0.10796324655436447,0.04900459418070444,0.1362940275650842,0.039816232771822356,0.0451761102603369,0.06125574272588055,0.032924961715160794,0.0038284839203675345,0.02986217457886677,0.015313935681470138,0.03215926493108729,0.0,0.0,0.0,0.0,parvus
parvus_nashi_zadachi.txt,0.1688411358403684,0.31619339984650807,0.013046815042210284,0.10360706062931696,0.05180353031465848,0.1170376055257099,0.052187260168841135,0.0249424405218726,0.05525709900230238,0.047582501918649274,0.002686108979278588,0.01266308518802763,0.011128165771297006,0.021872601688411358,0.0,0.0,0.0011511895625479663,0.0,parvus
parvus_onp1_o_i_socrev_razvitie.txt,0.17726396917148363,0.29402697495183044,0.008092485549132947,0.10057803468208093,0.047013487475915224,0.12177263969171484,0.04431599229287091,0.037764932562620424,0.06551059730250482,0.037379576107899805,0.008863198458574181,0.023121387283236993,0.007321772639691715,0.025048169556840076,0.0003853564547206166,0.0,0.0007707129094412332,0.0007707129094412332,parvus
parvus_pismo_tverskomu_komitetu_I.txt,0.15798319327731092,0.30756302521008405,0.013025210084033614,0.0995798319327731,0.058403361344537816,0.13319327731092437,0.05756302521008403,0.03361344537815126,0.05,0.03907563025210084,0.003781512605042017,0.02142857142857143,0.013445378151260505,0.010924369747899159,0.0004201680672268908,0.0,0.0,0.0,parvus
parvus_poTurmam.txt,0.08611135544023221,0.22710880464420793,0.017679655202744303,0.10801301785557217,0.11622247632450816,0.1592341748028264,0.04333421291816929,0.040314304981382124,0.0791039962471047,0.04509338259008415,0.011375963878382737,0.03116662268742487,0.023250359163808017,0.011551880845574222,8.795848359574281e-05,8.795848359574281e-05,0.00017591696719148562,8.795848359574281e-05,parvus
parvus_rus_and_rev_predislovie.txt,0.15233415233415235,0.2628992628992629,0.014742014742014743,0.11547911547911548,0.04176904176904177,0.1375921375921376,0.03194103194103194,0.04176904176904177,0.07125307125307126,0.03931203931203931,0.004914004914004914,0.019656019656019656,0.009828009828009828,0.036855036855036855,0.002457002457002457,0.0,0.0171990171990172,0.0,parvus
parvus_samoderzh_i_fin_I.txt,0.1386633354153654,0.29169269206745785,0.007495315427857589,0.12492192379762648,0.038101186758276076,0.11992504684572143,0.04059962523422861,0.051842598376014994,0.06745783885071831,0.01811367895065584,0.029356652092442224,0.03123048094940662,0.010618363522798251,0.026858213616489695,0.0024984384759525295,0.0,0.0,0.0006246096189881324,parvus
parvus_soldatskie_mitingy.txt,0.11790393013100436,0.3056768558951965,0.034934497816593885,0.08733624454148471,0.06768558951965066,0.1615720524017467,0.043668122270742356,0.043668122270742356,0.05458515283842795,0.024017467248908297,0.006550218340611353,0.039301310043668124,0.006550218340611353,0.006550218340611353,0.0,0.0,0.0,0.0,parvus
parvus_tua_res_agitur_I.txt,0.14777213761985336,0.2825719120135364,0.01071630005640158,0.10434292160180485,0.06711787930062042,0.1359278059785674,0.04173716864072194,0.032712915961646924,0.048505358150028204,0.04342921601804851,0.003948110547095319,0.032712915961646924,0.01748448956570784,0.019176536943034405,0.0,0.0,0.011844331641285956,0.0,parvus
parvus_v_chem_my_rashodimsya_otvet_leninu.txt,0.13471101779202121,0.24466791910708366,0.012487567687037241,0.10421040999005415,0.09260691789147972,0.13692120676317826,0.05149740302795889,0.04298817548900431,0.05691236600729362,0.04564040225439275,0.005083434633661178,0.03547353298707039,0.015029285003867831,0.02077577632887612,0.00022101889711570338,0.0,0.00044203779423140677,0.0003315283456735551,parvus
parvus_virI_kapitalizm_i_voyna_I.txt,0.15530829856281872,0.2707464070468243,0.008344923504867872,0.11033843300880854,0.0521557719054242,0.12563745943439963,0.047056096430227165,0.02642559109874826,0.06328233657858136,0.04357904496986555,0.003245248029670839,0.021789522484932777,0.010662957811775614,0.05818266110338433,0.0002318034306907742,0.0,0.003013444598980065,0.0,parvus
parvus_virII_padenie_samoderzhaviya_I.txt,0.1561664757541046,0.27491408934707906,0.008018327605956471,0.11263841160748378,0.048491790759831996,0.12829324169530354,0.04448262695685376,0.037800687285223365,0.06777395952653685,0.029782359679266894,0.006872852233676976,0.024245895379915998,0.012027491408934709,0.04715540282550592,0.00019091256204658267,0.0,0.0007636502481863307,0.00038182512409316535,parvus
parvus_virIII_9_mes_voyny_I.txt,0.14865881173226372,0.25294560040110303,0.012534469791927802,0.10879919779393332,0.05314615191777388,0.1368764101278516,0.03710203058410629,0.03158686387565806,0.07545750814740536,0.03634996239659062,0.006768613687641012,0.029832038104788166,0.016044121333667585,0.05364753070945099,0.000250689395838556,0.0,0.0,0.0,parvus
parvus_virIV_samoderzh_i_reformy_I.txt,0.14035656401944896,0.2914100486223663,0.01620745542949757,0.09886547811993517,0.0713128038897893,0.1393841166936791,0.045705024311183146,0.03630470016207456,0.05251215559157212,0.043111831442463534,0.005186385737439222,0.02625607779578606,0.022366288492706644,0.010696920583468396,0.0,0.0,0.0,0.00032414910858995135,parvus
parvus_vnesh_politika_germanii.txt,0.14985590778097982,0.23054755043227665,0.018731988472622477,0.11527377521613832,0.05187319884726225,0.1282420749279539,0.04899135446685879,0.04178674351585014,0.069164265129683,0.03602305475504323,0.004322766570605188,0.027377521613832854,0.011527377521613832,0.06628242074927954,0.0,0.0,0.0,0.0,parvus
plehanov_beliy_terror_I.txt,0.1492204899777283,0.26369710467706015,0.005790645879732739,0.09487750556792873,0.07171492204899778,0.1291759465478842,0.04855233853006682,0.035634743875278395,0.06948775055679288,0.05968819599109131,0.0035634743875278397,0.033853006681514475,0.012026726057906459,0.021380846325167038,0.00044543429844097997,0.00044543429844097997,0.0,0.00044543429844097997,plehanov
plehanov_cant_vs_kant.txt,0.10923907058693977,0.24534742869728005,0.010351282898359212,0.09679550710274198,0.07289946041184892,0.12806959585948685,0.04900341372095584,0.047021253165950884,0.06970597951767427,0.05186653452262967,0.007488162096685387,0.03622949014425724,0.010791763021693646,0.049664133905957496,0.002092280585838564,0.0,0.012663803545864993,0.0007708402158352604,plehanov
plehanov_grustnoe_nedorazumenie_I.txt,0.09348274845178413,0.21350634031259216,0.010616337363609554,0.09790622235328812,0.11206133883810085,0.14980831613093482,0.04747861987614273,0.05219699203774698,0.07490415806546741,0.06369802418165733,0.00707755824240637,0.03715718077263344,0.017104099085815394,0.018283692126216455,0.001474491300501327,0.0011795930404010617,0.0017693895606015924,0.0002948982601002654,plehanov
plehanov_gzha_breshkovskaya_I.txt,0.10537084398976983,0.22455242966751918,0.009718670076726343,0.11253196930946291,0.08746803069053709,0.1329923273657289,0.046547314578005115,0.04859335038363171,0.061381074168797956,0.052685421994884914,0.007161125319693095,0.03529411764705882,0.01381074168797954,0.05319693094629156,0.005115089514066497,0.0010230179028132991,0.0,0.0025575447570332483,plehanov
plehanov_k_agrarnomu_voprosu_v_Rossii_NQ.txt,0.12262443438914027,0.23695324283559577,0.015082956259426848,0.09592760180995476,0.08159879336349925,0.13318250377073906,0.04057315233785822,0.05052790346907994,0.06485671191553545,0.055656108597285064,0.005731523378582202,0.04072398190045249,0.01689291101055807,0.031221719457013575,0.006485671191553545,0.0,0.0009049773755656109,0.0010558069381598793,plehanov
plehanov_k_voposu_o_zahvate_vlasti_I.txt,0.1361368496079829,0.24376336421952957,0.014255167498218105,0.09729151817533856,0.07127583749109052,0.1322166785459729,0.04989308624376337,0.03848895224518888,0.07555238774055595,0.0481111903064861,0.004989308624376337,0.02886671418389166,0.022095509622238062,0.029579472558802566,0.0003563791874554526,0.0003563791874554526,0.0060584461867426945,0.0007127583749109052,plehanov
plehanov_krasniy_cyezd_I.txt,0.13986013986013987,0.2618881118881119,0.01013986013986014,0.0944055944055944,0.06153846153846154,0.12517482517482517,0.03776223776223776,0.03461538461538462,0.07482517482517483,0.05909090909090909,0.0048951048951048955,0.03601398601398601,0.01993006993006993,0.031118881118881118,0.0024475524475524478,0.0,0.005244755244755245,0.001048951048951049,plehanov
plehanov_logika_rus_terrorizma_I.txt,0.134394668641244,0.2636060718252499,0.012217697149203998,0.08663457978526472,0.06627175120325805,0.13180303591262496,0.0410958904109589,0.05738615327656423,0.07034431691965938,0.050721954831543875,0.0055534987041836355,0.042947056645686786,0.015179563124768604,0.01888189559422436,0.00037023324694557573,0.00037023324694557573,0.0007404664938911515,0.001480932987782303,plehanov
plehanov_martovskie_idy_I.txt,0.16160672582905183,0.28070994862213916,0.006071929005137786,0.08967772069126577,0.05371321812237272,0.1200373657169547,0.04390471742176553,0.039701074264362445,0.06258757589911257,0.04904250350303596,0.005137786081270434,0.025688930406352173,0.021952358710882764,0.04016814572629612,0.0,0.0,0.0,0.0,plehanov
plehanov_na_poroge_20v_I.txt,0.1820388349514563,0.28236245954692557,0.013754045307443365,0.08333333333333333,0.05825242718446602,0.12055016181229773,0.05744336569579288,0.025889967637540454,0.06067961165048544,0.05016181229773463,0.003236245954692557,0.023462783171521034,0.014563106796116505,0.0186084142394822,0.0,0.0,0.0040453074433656954,0.0016181229773462784,plehanov
plehanov_neosnovat_opaseniya.txt,0.15601023017902813,0.22250639386189258,0.014066496163682864,0.06905370843989769,0.0907928388746803,0.1278772378516624,0.043478260869565216,0.05115089514066496,0.06905370843989769,0.05754475703324808,0.00639386189258312,0.04731457800511509,0.023017902813299233,0.01918158567774936,0.0025575447570332483,0.0,0.0,0.0,plehanov
plehanov_o_chernoy_sotne.txt,0.10631229235880399,0.24537256763170384,0.008068343616516375,0.09254864736592311,0.10109159943046986,0.13906027527289985,0.04698623635500712,0.04793545325106787,0.08732795443758899,0.05552918841955387,0.007593735168485999,0.030374940673943997,0.011390602752728999,0.01945894636924537,0.00047460844803037496,0.0,0.0,0.00047460844803037496,plehanov
plehanov_otvet_sionistam_I.txt,0.0782608695652174,0.20772946859903382,0.011594202898550725,0.10144927536231885,0.09951690821256039,0.13623188405797101,0.03961352657004831,0.06376811594202898,0.0647342995169082,0.050241545893719805,0.004830917874396135,0.057971014492753624,0.020289855072463767,0.05990338164251208,0.002898550724637681,0.000966183574879227,0.0,0.0,plehanov
plehanov_pervie_frazy_uchenia.txt,0.12853620555411369,0.27511030365948613,0.009862444848170258,0.0983649104593823,0.059434207111341814,0.12522709576953023,0.04937710874643135,0.0351025175188165,0.062483778873604984,0.054502984687256686,0.006099143524526343,0.03283155982351414,0.012263171554632754,0.03802232026991954,0.0007137295613807423,0.0,0.01154944199325201,0.0005190760446405398,plehanov
plehanov_pessimizm_kak_otrazhenie.txt,0.12348492696571015,0.23080907489899513,0.01025587900134673,0.09779343209364964,0.08204703201077385,0.13001139542111262,0.05003625815808557,0.04868952657205014,0.07552056355537139,0.05687351082565006,0.005386926344141718,0.027659794882419972,0.017921889568009945,0.037604889671604684,0.0009323526364860666,0.0,0.003315031596394903,0.0016575157981974515,plehanov
plehanov_pismo_k_rabochim.txt,0.09420289855072464,0.21920289855072464,0.03260869565217391,0.09420289855072464,0.11413043478260869,0.14130434782608695,0.034420289855072464,0.04528985507246377,0.05434782608695652,0.07427536231884058,0.0018115942028985507,0.043478260869565216,0.016304347826086956,0.034420289855072464,0.0,0.0,0.0,0.0,plehanov
plehanov_police_anisemitizm_I.txt,0.12199630314232902,0.24584103512014788,0.010720887245841035,0.08354898336414047,0.06728280961182995,0.144547134935305,0.04805914972273567,0.05545286506469501,0.07060998151571164,0.04731977818853974,0.0073937153419593345,0.038817005545286505,0.019593345656192238,0.03253234750462107,0.0011090573012939,0.0011090573012939,0.0029574861367837337,0.0011090573012939,plehanov
plehanov_pora_obyasnitsya.txt,0.12067696835908756,0.2119205298013245,0.016188373804267846,0.08903605592347315,0.09271523178807947,0.14054451802796172,0.04047093451066961,0.06254598969830757,0.07873436350257543,0.051508462104488596,0.01177336276674025,0.03899926416482708,0.01913171449595291,0.025754231052244298,0.0,0.0,0.0,0.0,plehanov
plehanov_simptomat_mistake.txt,0.11311672683513839,0.20998796630565583,0.00842358604091456,0.08483754512635379,0.08664259927797834,0.13116726835138387,0.05054151624548736,0.05354993983152828,0.07641395908543923,0.07701564380264742,0.0048134777376654635,0.03730445246690734,0.021660649819494584,0.040312876052948254,0.0006016847172081829,0.0,0.0024067388688327317,0.0012033694344163659,plehanov
plehanov_slovo_prinadlezhit_menshevikam.txt,0.09099181073703366,0.2111010009099181,0.02456778889899909,0.10828025477707007,0.09645131938125569,0.1392174704276615,0.04185623293903549,0.06733393994540492,0.055505004549590536,0.08371246587807098,0.00272975432211101,0.034576888080072796,0.025477707006369428,0.00818926296633303,0.0,0.0,0.010009099181073703,0.0,plehanov
plehanov_torzhestvo_sr_I.txt,0.12146422628951747,0.28868552412645593,0.008319467554076539,0.09900166389351081,0.04908485856905158,0.11064891846921797,0.04326123128119801,0.05324459234608985,0.07321131447587355,0.05823627287853577,0.009983361064891847,0.029118136439267885,0.0074875207986688855,0.039101497504159734,0.0016638935108153079,0.0008319467554076539,0.004991680532445923,0.0016638935108153079,plehanov
plehanov_uspenskiy.txt,0.11915937700021335,0.23671858331555365,0.015148282483464903,0.09238318754000427,0.08214209515681672,0.144655429912524,0.050565393641988476,0.04971196927672285,0.07131427352250906,0.0542457862171965,0.006880733944954129,0.028749733304885856,0.010507787497333049,0.033923618519308724,0.0009067633880947301,0.0,0.0017601877533603583,0.0012267975250693408,plehanov
plehanov_vremena_menyayutsya_I.txt,0.1471415182755389,0.2661668228678538,0.00937207122774133,0.09746954076850985,0.059044048734770385,0.14058106841611998,0.03561387066541706,0.041237113402061855,0.07497656982193064,0.05060918462980318,0.011246485473289597,0.02436738519212746,0.014058106841611996,0.026241799437675725,0.0009372071227741331,0.0009372071227741331,0.0,0.0,plehanov
plehanov_vroz_idti_vmeste_bit_I.txt,0.13116308470290772,0.2588495575221239,0.00695322376738306,0.11314791403286978,0.07806573957016436,0.14285714285714285,0.040455120101137804,0.04329962073324905,0.06984829329962074,0.055941845764854614,0.005372945638432364,0.02781289506953224,0.010429835651074588,0.012958280657395701,0.0003160556257901391,0.0015802781289506952,0.0,0.0009481668773704172,plehanov
trotsky_chto_dalshe.txt,0.14181923859343215,0.3051438535309503,0.01685556524266202,0.1005521650682941,0.05521650682941005,0.13193839000290614,0.04504504504504504,0.03632664922987504,0.05056669572798605,0.044463818657367045,0.010752688172043012,0.02121476315024702,0.013949433304272014,0.024992734670154025,0.0,0.0,0.0011624527753560012,0.0,trotsky
trotsky_dem_i_rev.txt,0.12771635531833778,0.27792603888677087,0.017918414029736943,0.10064811284788411,0.0787266488753336,0.14506290507052993,0.0478459778879146,0.04479603507434236,0.04746473503621807,0.04860846359130766,0.005528021349599695,0.028402592451391536,0.013724742661075104,0.012009149828440717,0.0,0.0,0.0036218070911170418,0.0,trotsky
trotsky_demokratia.txt,0.14393939393939395,0.3087121212121212,0.022095959595959596,0.08585858585858586,0.05555555555555555,0.14015151515151514,0.04292929292929293,0.04292929292929293,0.056818181818181816,0.04419191919191919,0.007575757575757576,0.027146464646464648,0.008838383838383838,0.011363636363636364,0.001893939393939394,0.0,0.0,0.0,trotsky
trotsky_dve_tolpy_I.txt,0.15514705882352942,0.29926470588235293,0.0014705882352941176,0.1,0.054411764705882354,0.1448529411764706,0.054411764705882354,0.03823529411764706,0.054411764705882354,0.03823529411764706,0.010294117647058823,0.021323529411764706,0.011029411764705883,0.013970588235294118,0.0,0.0022058823529411764,0.0,0.0007352941176470588,trotsky
trotsky_idealisticheskaya_gamma_I.txt,0.1564625850340136,0.32142857142857145,0.05272108843537415,0.09013605442176871,0.047619047619047616,0.10714285714285714,0.047619047619047616,0.027210884353741496,0.047619047619047616,0.017006802721088437,0.003401360544217687,0.025510204081632654,0.008503401360544218,0.047619047619047616,0.0,0.0,0.0,0.0,trotsky
trotsky_intellig_dem.txt,0.1596349912690813,0.3019208021179519,0.01250492874443756,0.0967160479918887,0.05097729961133329,0.1265701571565369,0.046696333014138454,0.0350363318875683,0.0572860924914099,0.042246380893370135,0.011660001126570157,0.026418070185320792,0.013631498901594097,0.015771982200191517,0.0007885991100095758,0.00022531403143130738,0.001858840759308286,5.6328507857826844e-05,trotsky
trotsky_k_smerty_parvusa.txt,0.12487992315081652,0.23535062439961577,0.010566762728146013,0.12007684918347743,0.08357348703170028,0.12487992315081652,0.03650336215177714,0.03170028818443804,0.09125840537944284,0.04226705091258405,0.005763688760806916,0.021133525456292025,0.009606147934678195,0.06147934678194044,0.0009606147934678194,0.0,0.0,0.0,trotsky
trotsky_kapital_v_opozicii.txt,0.18250503693754197,0.3391537944929483,0.013096037609133646,0.09637340496977838,0.0377770315648086,0.11299529885829415,0.04785090664875755,0.033747481531229015,0.05104096709200806,0.03811282740094023,0.0083948959032908,0.020651443922095367,0.008898589657488246,0.008730691739422432,0.0005036937541974479,0.0,0.0,0.000167897918065816,trotsky
trotsky_opekaemoe_studenchestvo_I.txt,0.16488845780795344,0.30746847720659554,0.02424830261881668,0.09699321047526673,0.03685741998060136,0.11736178467507274,0.0475266731328807,0.04267701260911736,0.05625606207565471,0.03394762366634336,0.006789524733268671,0.029097963142580018,0.004849660523763337,0.029097963142580018,0.0,0.0009699321047526673,0.0009699321047526673,0.0,trotsky
trotsky_perm_rev.txt,0.14677183281834444,0.27383856453623895,0.013958909307746518,0.11332465983628774,0.05328779747384398,0.11419200954084675,0.04567138288068521,0.04816501328129235,0.05919661733615222,0.039681248983574564,0.009269799967474386,0.02724020165880631,0.010110044993765924,0.042364612132053996,0.0011655011655011655,0.0,0.0002168374261397517,0.001544966661245731,trotsky
trotsky_predisl_nasha_rev.txt,0.15918367346938775,0.28775510204081634,0.014285714285714285,0.10612244897959183,0.05714285714285714,0.1326530612244898,0.026530612244897958,0.02857142857142857,0.04285714285714286,0.05102040816326531,0.01020408163265306,0.026530612244897958,0.00816326530612245,0.044897959183673466,0.0,0.0,0.004081632653061225,0.0,trotsky
trotsky_prolet_i_rev.txt,0.15510340226817879,0.30920613742494996,0.014009339559706471,0.09873248832555037,0.04269513008672448,0.14442961974649768,0.04169446297531688,0.037691794529686455,0.049366244162775186,0.052368245496998,0.009673115410273516,0.024349566377585057,0.012341561040693796,0.008338892595063376,0.0,0.0,0.0,0.0,trotsky
trotsky_treb_zemtsy.txt,0.15746872700515085,0.27961736571008095,0.023178807947019868,0.0930831493745401,0.05886681383370125,0.12362030905077263,0.05187637969094923,0.05334805003679176,0.044885945548197206,0.045989698307579104,0.010301692420897719,0.025754231052244298,0.012141280353200883,0.018027961736571008,0.0011037527593818985,0.0,0.0007358351729212656,0.0,trotsky
trotsky_voyna_i_oppoz.txt,0.1412994093593821,0.3103134938664244,0.023171285779191277,0.0963198546115402,0.05860972285324852,0.137664697864607,0.05361199454793276,0.03907314856883235,0.03589277601090413,0.04543389368468878,0.0068150840527033164,0.0222626079054975,0.005452067242162653,0.02271694684234439,0.0,0.0,0.0009086778736937755,0.00045433893684688776,trotsky
zasulich_dobrolubov_I.txt,0.118783542039356,0.24186046511627907,0.009302325581395349,0.10661896243291592,0.08050089445438283,0.14525939177101968,0.05116279069767442,0.05044722719141324,0.06153846153846154,0.06082289803220036,0.004651162790697674,0.024329159212880144,0.016100178890876567,0.027549194991055456,0.0007155635062611807,0.0,0.0,0.00035778175313059033,zasulich
zasulich_mihailovskiy_I.txt,0.1389351081530782,0.281198003327787,0.012479201331114808,0.11231281198003328,0.048252911813643926,0.12479201331114809,0.04326123128119801,0.050748752079866885,0.05740432612312812,0.056572379367720464,0.004991680532445923,0.019966722129783693,0.016638935108153077,0.030782029950083195,0.0,0.0,0.0016638935108153079,0.0,zasulich
zasulich_o_chem_govoryat_nam_I.txt,0.12387612387612387,0.2787212787212787,0.008991008991008992,0.11438561438561438,0.04695304695304695,0.13511488511488512,0.044705294705294704,0.0531968031968032,0.07342657342657342,0.048701298701298704,0.007992007992007992,0.032217782217782216,0.019730269730269732,0.011988011988011988,0.0,0.0,0.0,0.0,zasulich
zasulich_ocherk_istorii_1internacionala.txt,0.1297514818641579,0.3055631083800098,0.015172113763663059,0.1180053292729349,0.040622111044646254,0.13105660992984935,0.044156832889227254,0.03425961172440046,0.048616020447006365,0.048616020447006365,0.011528631246941106,0.017891130567186907,0.011963673935504921,0.040622111044646254,0.0005438033607047692,0.0,0.001305128065691446,0.0003262820164228615,zasulich
zasulich_po_povodu_uprazdneniya_Marx'a.txt,0.10548134500230309,0.3155228005527407,0.01243666513127591,0.09695992630124367,0.045601105481345,0.12148779364348226,0.04514048825426071,0.05366190695532013,0.04940119760479042,0.05124366651312759,0.019000460617227086,0.03132197144173192,0.008982035928143712,0.031552280055274065,0.0009212344541685859,0.0054122524182404425,0.004145555043758637,0.0017273146015660986,zasulich
zasulich_rev_studenchestvo1_I.txt,0.17267267267267267,0.3258258258258258,0.01951951951951952,0.1066066066066066,0.03003003003003003,0.13813813813813813,0.04054054054054054,0.025525525525525526,0.042042042042042045,0.046546546546546545,0.010510510510510511,0.02252252252252252,0.003003003003003003,0.015015015015015015,0.0,0.0015015015015015015,0.0,0.0,zasulich
zasulich_rev_studenchestvo2_I.txt,0.12591451675009627,0.28994994224104736,0.008856372737774355,0.09510974201001156,0.06623026569118214,0.13361571043511744,0.04851752021563342,0.04428186368887178,0.06237966884867154,0.0562187139006546,0.004620716211012707,0.03311513284559107,0.013477088948787063,0.014632268001540239,0.0007701193685021178,0.0011551790527531767,0.0007701193685021178,0.0003850596842510589,zasulich
zasulich_vystrel_Karpovicha_I.txt,0.12386457473162675,0.27250206440957886,0.011147811725846408,0.10239471511147812,0.06895127993393889,0.13790255986787778,0.05573905862923204,0.048307184145334435,0.05573905862923204,0.06069364161849711,0.008257638315441783,0.02477291494632535,0.017341040462427744,0.012386457473162676,0.0,0.0,0.0,0.0,zasulich
