file_name,а,без,было,в,время,все,всех,даже,для,до,его,если,же,за,и,из,их,как,когда,которые,который,может,мы,на,не,нет,но,он,оно,от,партии,по,при,рабочих,с,со,социал,так,тем,теперь,того,только,у,уже,что,чтобы,это,этой,более,борьбы,бы,был,быть,во,вопрос,всего,г,демократии,ее,есть,еще,или,им,к,лишь,между,можно,нам,нас,ни,о,об,она,они,организации,очень,политической,пролетариата,против,революции,россии,своей,себе,себя,то,том,чем,эти,этом,этот,будет,были,дело,именно,ли,т,этого,была,тов,я,author_folder
dubia_finans_manifest.txt,1,3,1,12,1,2,3,1,2,1,3,1,1,4,31,3,1,2,1,1,1,1,2,10,8,2,1,1,4,2,3,7,4,1,6,1,1,1,1,1,1,2,2,1,1,1,3,1,0,0,0,0,0,0,0,0,0,0,0,0,0,0,0,0,0,0,0,0,0,0,0,0,0,0,0,0,0,0,0,0,0,0,0,0,0,0,0,0,0,0,0,0,0,0,0,0,0,0,0,0,dubia
dubia_nasushnie_zadachi_I.txt,8,2,1,49,2,9,4,1,7,4,6,2,3,4,57,3,1,3,1,3,0,2,12,24,20,1,7,3,1,12,8,1,5,6,17,1,17,1,0,0,2,10,0,6,13,5,9,3,1,8,1,1,2,8,2,4,1,4,3,3,2,2,2,11,4,2,2,1,2,1,5,1,1,1,6,2,8,4,5,1,5,4,1,1,2,4,1,5,3,1,0,0,0,0,0,0,0,0,0,0,dubia
dubia_novoe_poboishe_I.txt,6,2,4,24,7,5,3,5,2,2,1,3,7,11,72,3,5,6,7,6,2,1,12,21,37,2,11,1,3,11,1,6,6,19,19,4,0,4,4,3,2,10,4,10,18,1,3,2,3,5,1,4,0,4,0,0,0,0,0,2,2,2,3,10,1,0,0,1,3,2,9,3,0,3,1,2,2,0,2,0,0,0,0,1,5,3,2,5,4,1,5,5,2,3,5,2,3,0,0,0,dubia
dubia_ot_red_iskry_I.txt,8,0,3,36,2,12,5,3,7,1,10,0,2,2,63,5,1,9,2,3,2,2,24,14,16,1,6,0,0,5,8,5,2,1,15,1,24,3,3,1,2,8,0,5,12,3,4,3,3,2,7,1,2,4,2,3,1,3,5,2,1,4,1,8,2,4,0,2,1,0,8,0,3,0,0,1,3,2,3,0,5,2,0,1,1,3,2,1,2,3,5,0,0,1,2,1,3,1,0,0,dubia
dubia_ot_red_na_pismo_parvusa_I.txt,0,0,0,4,0,0,0,0,0,0,4,1,0,0,5,0,0,3,0,0,0,1,1,2,4,0,2,2,0,5,0,4,0,0,2,0,0,1,0,0,0,0,0,0,6,0,1,0,0,0,0,0,0,2,0,0,0,0,0,0,0,0,1,1,0,0,0,0,0,0,2,0,0,0,0,1,0,0,1,0,0,0,0,0,1,0,1,0,2,0,2,0,0,0,0,1,0,0,7,0,dubia
dubia_poslednee_slovo_bund_I.txt,2,2,4,21,0,4,4,4,2,3,2,3,2,0,31,4,0,9,2,5,0,2,2,11,22,1,3,3,1,6,15,6,1,2,10,1,3,0,1,1,6,6,1,2,11,3,6,1,1,0,9,1,3,0,0,0,0,0,0,3,4,2,0,9,2,1,1,2,1,4,10,0,0,1,4,0,0,4,0,0,1,2,2,0,2,2,0,1,0,1,0,0,0,1,0,0,3,1,0,0,dubia
dubia_priznaki_bankrotstva_I.txt,6,1,3,52,5,4,4,1,7,2,11,2,9,4,51,7,6,9,3,0,0,3,7,17,32,3,6,2,9,6,0,3,4,0,21,3,1,3,3,3,8,2,4,4,23,4,7,0,0,4,5,1,5,1,2,3,2,0,2,1,1,6,3,9,1,3,2,1,2,2,6,4,0,3,1,1,1,1,1,0,1,0,0,1,4,5,3,2,3,1,5,1,2,0,4,1,8,1,0,0,dubia
dubia_slovo_mosc_vedomostyam_I.txt,14,1,13,51,3,10,2,5,18,5,18,12,6,9,65,10,11,8,9,1,0,5,0,17,48,4,16,5,3,13,2,7,4,0,27,2,1,5,6,3,3,2,2,4,26,2,7,2,4,3,24,0,7,5,0,4,1,1,3,1,3,9,3,12,4,1,2,0,2,13,14,1,2,4,0,2,1,0,4,0,7,2,0,3,18,2,6,1,0,1,8,0,1,1,1,1,8,4,0,0,dubia
dubia_zakon_o_voznagr_I.txt,13,3,1,45,0,13,8,6,10,7,11,5,4,22,104,11,9,7,2,11,2,4,4,18,37,1,10,4,0,17,0,10,9,24,17,0,1,3,5,1,4,16,3,5,17,5,19,2,6,1,6,1,6,3,0,3,0,0,1,2,8,9,3,10,3,3,2,1,2,3,16,3,0,0,0,1,1,1,1,0,2,0,3,4,4,2,9,5,3,2,4,0,3,3,1,4,6,1,0,0,dubia
krupskaya_k_voposu_o_shkole.txt,6,1,2,58,3,8,0,0,4,1,10,10,6,2,66,5,15,12,2,2,0,6,0,19,27,1,11,20,1,5,0,10,4,0,19,0,0,3,4,0,6,5,4,2,16,9,17,7,0,0,6,0,8,2,1,1,0,0,3,1,4,6,6,19,6,5,2,0,0,1,12,1,7,7,4,8,0,0,0,0,0,1,4,3,11,2,5,1,5,0,7,2,7,1,1,0,3,1,0,6,krupskaya
krupskaya_o_staroy_iskre.txt,3,5,2,40,1,8,3,1,3,2,1,4,1,14,26,7,4,9,1,1,1,1,0,15,19,0,6,6,0,2,6,9,1,10,29,1,5,0,1,1,0,3,1,0,10,1,2,2,0,9,14,0,1,1,0,4,1,3,8,2,2,0,1,10,0,1,0,0,0,0,5,1,7,6,1,0,0,0,1,0,7,3,1,2,1,6,1,0,0,0,2,2,1,2,1,0,3,6,0,0,krupskaya
krupskaya_samoubiystva_uchashihsya.txt,19,0,3,83,6,10,2,0,5,3,14,4,7,10,80,6,10,20,5,1,1,8,0,27,41,2,14,22,0,7,0,13,3,0,41,3,0,14,5,1,4,15,3,2,31,15,14,2,5,0,5,1,13,4,3,2,6,0,7,0,2,9,3,17,8,3,1,0,0,2,16,2,6,3,2,0,0,0,0,0,0,0,10,3,12,5,2,3,8,2,8,3,2,0,2,2,4,0,0,1,krupskaya
krupskaya_shkolnie_kolonii.txt,5,0,1,30,1,2,1,2,14,2,0,2,4,4,35,2,3,3,0,1,1,0,2,8,13,2,8,0,2,1,0,4,2,1,7,0,0,2,0,0,2,4,3,1,3,1,2,0,1,0,15,0,0,0,0,0,0,0,0,0,1,0,0,0,3,1,1,0,2,0,3,2,1,3,0,0,0,0,0,0,0,0,0,4,2,0,1,1,3,0,0,0,2,0,3,2,1,0,0,0,krupskaya
krupskaya_sovmestnoe_obuchenie.txt,19,2,2,93,0,7,2,4,7,1,14,7,7,6,111,8,9,23,7,3,1,18,5,48,48,4,17,19,2,10,0,7,12,0,30,0,0,14,4,0,8,5,9,7,43,11,9,4,5,1,10,2,12,5,19,5,16,0,5,1,3,15,2,24,4,14,2,1,0,0,26,4,6,9,0,5,0,0,4,0,0,2,3,1,16,3,11,8,8,5,8,0,3,1,16,5,6,0,0,8,krupskaya
krupskaya_zhenshina_rabotnitsa.txt,49,17,14,312,20,48,24,6,32,13,21,26,44,62,326,21,35,77,16,12,4,34,17,172,183,20,40,20,3,44,2,34,21,28,85,2,0,35,9,10,23,34,27,10,138,49,33,5,10,4,33,1,15,18,0,5,8,0,43,9,19,18,22,36,16,9,7,0,4,28,38,7,74,51,1,16,4,2,3,0,10,6,12,19,37,16,28,11,2,4,30,5,23,0,11,9,9,6,0,1,krupskaya
lenin_183_students_I.txt,4,1,5,33,1,7,3,2,5,5,5,4,0,6,64,3,10,10,1,2,1,5,1,20,20,3,10,3,6,8,0,3,0,2,15,3,2,6,1,2,3,3,4,3,14,6,8,2,2,1,6,1,3,5,0,4,2,0,1,5,2,1,0,10,1,1,0,0,3,0,1,1,2,7,3,2,1,0,4,1,0,2,0,3,2,1,3,1,0,2,2,2,0,0,3,1,1,2,0,0,lenin
lenin_1st_of_may.txt,10,0,1,24,0,11,5,0,4,2,7,0,1,15,52,3,5,2,5,2,0,1,0,16,7,2,4,1,0,8,1,3,1,6,2,1,2,0,2,1,2,5,3,1,4,3,2,2,8,1,2,0,3,0,0,2,0,0,1,0,2,0,0,16,0,0,0,2,0,0,0,0,1,12,0,0,0,3,4,0,6,2,1,1,0,0,0,1,0,3,0,0,2,0,0,0,0,0,0,0,lenin
lenin_anarhizm_i_socializm.txt,5,0,1,20,0,2,1,2,4,1,3,3,2,6,27,3,8,4,0,0,0,1,4,7,12,0,1,0,1,1,3,2,0,13,5,2,1,1,2,0,0,1,0,2,1,1,3,1,1,4,4,1,1,1,1,1,0,0,0,1,1,9,0,4,2,2,0,1,0,1,4,0,0,4,3,0,2,4,1,5,3,0,0,0,1,1,3,1,0,0,1,0,0,0,2,0,4,0,0,0,lenin
lenin_chego_dobivaemsya.txt,9,3,6,52,1,13,7,1,10,3,9,7,0,8,119,11,4,13,1,11,2,1,35,24,35,5,5,1,0,6,42,7,2,2,15,1,7,5,1,5,1,11,13,8,23,7,4,3,3,14,13,0,3,8,1,2,0,2,8,3,3,3,2,14,12,4,4,1,10,7,12,2,0,3,6,0,1,1,14,0,3,0,1,7,12,1,3,2,1,6,0,4,0,1,5,2,4,1,2,0,lenin
lenin_china_war_I.txt,7,1,2,37,1,3,2,2,4,3,5,1,5,6,58,8,3,11,2,8,0,0,1,23,29,1,8,0,10,12,0,7,0,6,18,1,0,6,0,7,1,11,4,7,12,4,4,2,5,0,2,0,0,3,0,2,2,0,1,3,6,4,1,12,0,0,2,0,0,0,9,0,4,8,0,1,1,0,5,0,2,1,1,2,2,2,2,4,3,2,0,0,0,1,4,2,1,0,0,0,lenin
lenin_chto_delat'.txt,307,51,79,1175,50,165,115,64,214,96,125,124,177,170,2051,174,103,302,72,93,51,98,331,517,846,45,236,98,44,144,52,223,73,151,498,44,283,118,75,66,109,268,114,108,601,132,302,75,93,117,243,24,99,99,49,51,24,80,62,78,100,133,29,286,20,51,55,70,110,82,290,65,44,95,130,55,91,29,54,12,51,59,71,58,207,83,93,74,59,48,42,39,100,116,76,75,95,34,0,49,lenin
lenin_era_reform_I.txt,14,6,3,48,3,5,2,7,15,2,4,1,3,5,83,10,13,13,6,7,1,11,6,30,35,3,6,1,2,12,1,16,7,31,11,4,5,3,2,3,2,17,1,2,8,8,12,2,11,1,7,0,11,6,0,1,0,1,0,0,4,7,0,15,1,4,0,0,0,7,14,5,1,3,3,3,3,0,4,1,1,2,2,1,4,5,5,4,3,3,7,0,0,3,6,3,2,1,0,0,lenin
lenin_k_der_bednote_cdprogramma.txt,206,51,32,457,8,164,86,40,138,39,28,36,70,140,981,99,79,125,47,57,8,40,90,260,399,48,87,34,13,137,7,113,33,92,130,27,124,47,24,57,29,92,162,49,184,120,105,27,26,38,37,9,47,32,5,79,2,0,19,55,64,71,33,60,3,22,31,29,24,47,64,22,11,82,0,33,10,5,47,0,58,23,23,27,47,26,41,52,20,14,60,21,32,2,22,12,30,8,0,3,lenin
lenin_k_partii.txt,6,3,1,52,1,14,4,3,7,9,5,3,5,7,84,12,8,7,1,8,1,9,17,16,33,2,7,10,9,5,41,10,2,1,21,2,4,2,3,6,0,12,6,5,6,8,5,3,14,11,8,1,2,4,3,3,0,2,8,0,4,4,2,21,3,1,1,2,5,2,5,1,4,3,3,0,0,0,7,0,1,3,1,3,4,1,5,0,3,0,0,2,1,0,2,2,1,2,0,0,lenin
lenin_l_n_tolstoy.txt,12,2,1,41,4,3,1,1,7,2,14,0,1,6,67,7,2,6,3,9,2,0,0,18,18,0,4,5,0,4,1,3,1,0,16,0,1,1,3,0,6,7,1,1,12,6,8,1,3,5,0,0,1,6,1,1,0,4,4,3,1,2,2,8,0,0,1,0,0,0,6,2,0,7,0,1,1,1,4,5,3,6,1,0,6,2,1,0,0,1,0,1,0,1,0,1,0,3,0,0,lenin
lenin_les_beaux_esprits_I.txt,2,0,0,33,1,4,3,2,1,2,3,0,2,1,63,2,1,7,2,0,3,2,3,9,20,0,4,2,0,4,1,7,0,0,11,3,3,1,0,2,0,4,4,5,15,1,4,0,0,0,1,2,6,4,0,0,0,1,4,0,1,0,3,7,0,1,3,1,0,4,3,0,0,8,0,2,0,1,5,0,2,1,2,0,2,3,0,0,1,1,0,0,0,3,1,1,2,1,0,0,lenin
lenin_lntolstoy_i_rab_dvizhenie.txt,2,0,3,36,4,1,3,0,0,3,8,0,2,5,32,2,6,1,1,7,3,0,0,11,8,0,3,3,1,3,0,7,1,1,3,2,0,2,3,0,0,2,2,2,10,0,5,1,0,0,1,2,0,3,0,4,0,0,2,1,0,1,1,8,0,2,0,0,0,0,0,0,1,0,0,0,0,0,1,0,11,0,0,0,1,3,2,0,0,1,0,1,0,3,0,2,2,0,0,0,lenin
lenin_max_min_I.txt,15,4,3,59,2,7,1,2,4,2,2,5,5,7,62,7,0,10,2,2,3,3,14,15,44,2,7,5,2,9,19,3,5,0,14,2,2,8,1,4,4,8,4,3,33,7,20,3,0,1,6,0,7,4,1,1,0,0,4,4,7,8,2,11,2,3,4,3,3,7,10,5,1,3,4,1,0,1,2,0,0,2,0,3,8,3,0,2,4,4,3,2,1,7,10,1,2,0,0,0,lenin
lenin_nacionalniy_vopros_I.txt,13,4,4,64,4,5,5,6,4,6,5,9,3,14,91,3,0,16,6,3,4,5,34,27,51,3,14,4,2,10,4,11,8,2,31,5,14,14,2,6,7,13,2,3,18,8,10,4,5,10,8,0,3,3,5,2,2,6,9,2,6,9,1,24,6,2,0,3,5,3,4,0,2,6,1,0,6,13,11,5,6,3,2,2,9,1,5,2,3,2,4,1,1,9,3,4,7,5,0,0,lenin
lenin_narodnichestvo_I.txt,10,0,3,83,3,3,1,1,3,5,11,2,9,5,96,8,5,21,1,2,2,2,3,31,36,1,9,9,1,12,0,8,4,1,24,0,9,6,5,0,5,5,4,9,19,6,11,2,4,2,6,1,5,3,1,1,18,1,7,2,2,10,0,14,4,2,0,2,3,1,10,3,4,5,0,4,1,0,4,2,7,1,2,5,9,4,0,5,3,1,1,1,3,6,3,6,6,0,0,1,lenin
lenin_ne_potuhla_iskra.txt,38,4,26,179,2,25,3,5,12,16,29,12,21,18,205,11,7,35,13,2,5,8,94,53,133,5,22,59,4,24,2,30,6,0,61,5,3,28,5,6,7,18,17,16,140,3,50,5,3,0,19,13,13,2,4,1,52,0,2,1,10,6,1,30,1,12,3,13,29,11,23,8,4,8,1,10,1,0,9,0,3,5,3,15,27,7,8,10,6,7,12,7,22,13,6,5,9,5,0,58,lenin
lenin_nepodan_zayzvlenie.txt,5,3,9,23,0,4,2,1,4,4,5,8,2,5,40,6,1,2,0,3,2,3,3,15,15,0,1,4,0,2,4,9,3,0,4,2,0,0,1,4,0,1,0,2,17,3,5,0,1,1,7,0,4,0,3,0,0,0,2,1,4,3,1,7,1,1,1,1,0,1,14,2,0,1,0,0,0,0,5,0,0,4,0,1,4,2,0,2,0,4,2,1,2,4,0,0,4,1,0,16,lenin
lenin_nuzhna_li_partiya_I.txt,8,4,1,34,0,3,1,4,2,5,3,3,5,5,57,6,7,4,2,1,1,1,11,16,31,1,5,2,0,5,15,6,3,11,21,3,13,2,2,2,0,5,0,3,17,2,8,2,0,6,9,2,2,2,1,2,3,0,4,3,7,5,0,12,1,1,2,1,0,2,11,2,2,5,6,0,4,5,4,1,5,2,1,1,9,1,2,3,2,2,0,0,0,6,3,1,2,1,0,0,lenin
lenin_o_manifeste_armyan_I.txt,5,0,1,28,1,1,3,0,8,3,4,1,2,5,39,4,5,6,0,0,0,2,14,15,10,0,2,3,1,3,2,6,0,6,9,2,16,1,0,1,0,3,0,2,6,2,3,0,5,5,2,0,2,3,0,2,0,2,0,0,3,2,0,13,4,1,2,2,1,2,5,0,1,0,1,0,2,10,2,1,6,5,2,0,4,0,0,1,0,3,1,0,3,1,1,3,2,2,0,0,lenin
lenin_ob_obstoyatelstvah.txt,7,1,2,36,0,2,0,4,6,4,2,8,4,9,51,7,5,4,3,0,0,6,1,29,38,0,5,6,0,5,4,4,5,0,19,2,1,13,1,5,5,3,3,3,35,4,14,0,1,0,9,3,5,3,0,0,3,0,2,1,6,3,2,15,5,1,0,1,1,6,14,7,0,1,0,1,0,0,6,0,0,1,2,3,9,2,4,1,3,1,1,1,1,8,5,1,3,3,19,29,lenin
lenin_ot_narodnichestva_marx.txt,4,3,1,54,3,6,1,3,2,1,5,1,10,4,77,6,3,16,2,2,1,4,7,19,32,0,7,0,2,6,2,2,4,0,25,6,5,3,4,3,0,5,8,8,23,1,7,2,6,4,7,0,2,7,3,2,0,4,4,5,3,5,1,13,3,4,0,0,6,2,9,2,4,6,0,1,2,5,16,1,7,3,2,3,6,1,3,0,1,3,2,2,0,6,2,0,3,0,0,1,lenin
lenin_otvet_na_kritiku.txt,44,6,12,113,4,10,4,3,15,6,11,15,10,8,138,18,6,20,11,3,5,11,43,40,92,3,10,16,5,19,4,24,10,3,34,3,7,11,6,1,7,21,9,6,46,7,26,9,5,3,34,1,9,6,9,5,5,1,2,9,11,17,4,22,5,6,4,5,2,5,31,9,2,8,0,0,1,8,11,0,4,5,6,3,18,9,6,6,6,4,5,4,1,13,6,11,10,1,17,0,lenin
lenin_padenie_port_artura.txt,14,2,1,45,3,6,1,4,8,8,3,3,4,12,87,7,1,13,2,6,3,4,3,24,35,1,15,3,0,10,0,10,7,0,19,5,2,8,1,12,5,12,4,6,23,2,6,2,6,3,5,1,2,7,2,4,1,2,5,7,10,3,1,4,3,3,0,1,2,2,13,0,6,3,2,3,2,5,4,8,11,5,0,5,7,3,6,2,3,3,0,0,2,1,1,0,1,2,0,0,lenin
lenin_partiynaya_organizaciya_i_literatura.txt,7,2,0,34,1,9,1,4,8,3,2,2,5,8,64,3,0,5,1,4,1,8,11,9,30,4,10,1,2,16,10,3,1,2,13,0,11,2,0,4,5,6,5,1,10,7,13,3,1,0,4,1,11,6,2,3,1,2,7,4,4,12,0,4,4,4,0,1,5,1,6,1,3,1,3,0,0,5,0,2,5,1,0,1,7,4,1,1,1,2,6,2,7,0,1,3,0,3,0,1,lenin
lenin_pervaya_pobeda_revolucii.txt,6,1,5,55,2,7,4,5,7,7,5,1,5,9,66,9,2,5,7,5,1,3,6,20,34,3,10,3,6,11,1,6,2,3,15,1,4,1,1,8,2,12,3,10,17,5,9,1,7,4,4,0,2,5,1,6,0,1,8,3,23,3,0,8,3,1,0,2,1,2,13,1,2,1,4,2,4,5,2,12,6,3,2,1,10,1,1,4,0,3,3,3,1,0,3,0,1,2,0,0,lenin
lenin_pismo_v_iskru_I.txt,3,2,2,25,1,5,5,3,11,3,1,1,2,6,51,7,6,2,4,6,0,1,7,18,22,0,6,2,0,14,9,13,1,0,10,1,2,2,2,0,7,11,2,2,7,19,4,0,3,0,6,0,3,2,1,3,0,0,0,0,0,10,1,18,0,0,2,3,7,2,4,0,5,4,0,0,0,0,0,0,0,2,2,0,6,0,1,2,0,1,4,0,1,7,2,1,2,0,0,2,lenin
lenin_po_povodu_bunda_I.txt,13,2,8,53,2,1,7,2,3,4,9,6,3,3,57,6,2,9,3,1,0,1,21,19,49,0,8,8,2,10,7,15,0,0,18,0,8,2,1,1,1,3,0,5,39,2,9,2,1,0,10,3,2,2,3,0,3,0,0,1,4,7,0,6,1,2,1,6,0,3,15,1,0,2,2,2,1,2,3,0,3,1,0,1,7,3,4,3,2,2,1,5,1,3,5,0,8,1,0,0,lenin
lenin_pochemu_quit.txt,8,2,6,63,0,3,5,3,3,3,5,2,5,4,76,14,0,8,2,3,4,0,8,31,21,0,6,1,1,4,15,20,6,0,12,1,1,4,2,2,6,7,0,5,24,1,10,2,1,1,4,2,1,5,3,1,0,0,1,1,7,2,0,12,1,5,1,0,4,3,19,5,1,0,4,3,0,0,6,0,2,0,0,2,4,4,0,4,6,1,0,2,4,2,5,7,8,2,0,8,lenin
lenin_polozhenie_bunda_I.txt,23,2,2,97,4,7,6,5,5,1,12,9,18,13,99,17,9,23,4,7,5,6,7,28,40,7,9,8,3,6,30,16,7,2,25,2,13,2,3,1,7,17,4,4,41,3,19,8,3,1,12,2,6,7,8,2,2,7,8,11,9,6,1,34,1,4,4,4,2,9,10,7,2,10,3,2,3,23,6,0,4,3,1,3,16,4,4,4,2,3,3,3,7,8,6,7,6,4,0,6,lenin
lenin_pril_k_chto_delat'_I.txt,7,0,3,66,2,4,3,2,5,3,9,1,4,9,68,8,2,5,3,5,1,1,13,33,28,0,4,2,0,13,2,6,4,0,27,1,10,5,5,1,2,10,2,4,34,3,8,1,1,7,5,4,1,2,1,0,1,2,2,1,5,3,0,16,2,0,0,2,3,6,13,1,1,4,4,1,0,3,6,0,1,2,3,1,9,2,1,5,0,1,0,3,6,9,1,3,2,2,0,6,lenin
lenin_proekt_ustava_rsdrp.txt,3,0,1,13,0,6,1,0,2,1,2,3,0,2,25,3,2,4,0,0,0,0,0,5,4,0,0,2,0,0,13,2,1,0,2,1,1,2,1,0,0,2,0,0,1,1,0,1,1,0,0,0,0,0,0,0,1,1,3,0,0,8,0,4,0,2,0,0,0,0,1,0,1,0,1,0,0,0,0,0,0,0,0,0,0,0,0,0,0,0,0,0,1,0,0,0,2,0,0,0,lenin
lenin_rab_i_burzh_dem.txt,16,5,5,74,3,8,3,3,5,4,9,3,7,10,92,2,6,14,7,2,0,2,8,37,37,5,6,4,0,12,2,3,2,1,40,3,17,3,3,0,2,6,5,2,27,6,9,1,4,5,9,0,5,3,4,1,2,28,7,6,7,7,2,15,3,2,2,4,2,1,19,2,7,3,0,0,2,7,6,0,4,3,1,1,14,2,0,6,0,3,1,0,1,6,2,4,5,3,0,0,lenin
lenin_rab_partya_krestvo_I.txt,10,2,4,43,2,9,4,4,19,2,5,6,4,17,108,11,13,9,5,8,1,6,22,33,42,1,14,2,5,26,3,8,4,7,13,3,8,2,2,4,10,14,4,7,30,7,9,2,2,6,10,1,2,8,2,5,2,2,2,2,6,6,2,12,0,2,0,1,2,3,11,3,4,1,0,0,4,0,3,0,2,2,1,2,4,0,2,5,1,2,5,7,2,3,3,2,2,2,0,0,lenin
lenin_rasskaz_o_II_cyezde.txt,12,8,17,113,5,13,9,10,13,12,11,3,10,30,176,22,18,23,14,5,6,2,6,72,69,1,13,8,2,16,24,35,6,0,38,5,5,5,9,1,4,13,7,10,47,9,21,1,3,8,10,22,6,10,6,6,1,2,5,6,18,12,1,32,8,5,2,0,0,5,31,15,2,4,22,5,0,1,22,0,1,1,3,3,7,3,3,6,10,8,4,9,9,3,3,17,9,8,0,20,lenin
lenin_rec_parvus.txt,0,0,0,15,2,1,0,0,4,1,0,1,0,0,16,2,1,0,0,2,0,0,1,7,2,0,0,1,0,1,0,1,0,0,8,0,0,0,1,0,1,1,0,0,2,1,2,1,1,0,0,0,0,1,0,1,0,0,1,1,0,0,1,3,0,1,1,0,0,0,6,1,1,0,0,0,0,0,1,0,0,0,0,0,1,0,0,1,0,0,1,0,0,0,0,1,1,0,0,2,lenin
lenin_s_chego_nachat'_I.txt,15,4,1,59,5,8,4,2,10,1,5,4,1,3,103,4,6,9,2,4,1,10,27,28,45,3,16,4,1,14,6,11,17,2,18,5,5,5,3,5,7,15,6,8,17,11,6,2,6,5,6,3,15,3,7,4,0,2,3,3,4,4,2,18,2,3,6,6,5,1,17,2,1,2,11,2,10,3,2,0,0,3,2,0,7,4,1,1,1,1,4,0,5,9,7,4,3,0,0,0,lenin
lenin_samoderzh_kolebletsya_I.txt,4,3,1,38,0,8,7,1,11,6,0,3,6,6,81,1,5,7,4,3,0,4,13,23,20,2,4,1,1,7,0,10,1,5,10,3,4,2,0,8,0,5,1,7,15,5,6,2,1,1,1,0,7,4,2,1,0,1,0,1,4,5,3,5,0,0,0,1,0,1,15,3,4,5,1,1,0,1,1,0,4,1,0,1,5,2,1,2,6,1,3,0,0,0,0,1,6,0,0,0,lenin
lenin_shag_vpered_2nazad.txt,309,46,216,1796,51,170,99,85,180,128,215,141,211,255,2524,333,132,331,160,110,80,66,293,962,1075,43,221,189,30,236,436,379,121,28,663,80,170,114,77,104,136,225,63,144,811,130,367,77,89,89,252,86,121,107,139,55,19,53,137,83,148,239,43,503,73,71,56,58,71,120,500,144,52,91,194,63,35,26,199,7,19,55,50,95,244,94,105,77,82,113,62,71,68,175,111,248,128,50,593,234,lenin
lenin_sorvalos_I.txt,8,0,3,29,0,5,0,2,6,3,2,8,3,6,46,3,2,5,2,2,1,2,9,10,29,2,3,0,1,4,6,14,0,0,13,2,4,2,1,6,5,5,2,5,30,5,12,1,4,1,6,1,2,1,2,6,4,3,4,5,0,1,0,8,2,2,1,9,4,4,23,7,0,4,5,3,0,0,1,0,1,1,0,4,6,3,5,1,1,0,1,0,1,4,4,2,1,2,0,13,lenin
lenin_spb_stachka.txt,4,0,3,28,1,2,1,1,4,1,3,1,0,3,34,5,2,1,0,2,0,1,1,13,9,0,2,0,1,3,0,2,0,7,8,0,5,1,0,0,0,1,2,2,7,0,4,0,3,4,1,0,0,3,0,0,0,1,1,0,5,3,0,4,0,0,0,2,1,0,2,0,2,2,0,1,2,3,2,0,1,0,0,0,1,1,0,1,0,1,1,1,2,1,0,1,0,0,0,0,lenin
lenin_struve_izoblichen_I.txt,15,0,7,57,5,3,1,3,13,2,4,2,9,2,83,5,5,10,8,0,2,0,3,14,40,2,4,7,0,10,7,13,1,0,34,2,1,2,1,5,3,10,3,5,30,2,16,3,3,6,4,5,4,0,3,3,60,0,2,3,5,7,3,11,1,0,1,2,1,2,19,7,2,1,2,1,5,1,4,1,0,1,1,1,11,2,1,2,3,2,2,0,1,2,7,4,4,0,0,17,lenin
lenin_tolstoy_kak_zerkalo_rev.txt,3,0,4,33,0,5,1,1,2,2,7,1,2,4,74,5,5,10,0,7,2,1,0,11,19,1,9,5,0,6,1,5,3,1,22,1,2,1,0,1,2,5,2,0,7,2,6,4,4,1,1,3,3,4,1,1,0,0,3,3,0,0,0,9,0,2,0,0,0,4,2,0,1,3,0,2,1,0,3,15,1,0,1,1,2,1,2,1,0,0,0,0,0,2,0,2,1,3,0,4,lenin
lenin_tostoy_i_ego_epoha.txt,5,0,3,49,1,6,2,1,7,2,9,1,1,6,45,0,0,13,7,3,0,2,0,8,17,1,5,5,0,4,0,3,1,1,9,0,0,5,1,3,6,8,4,0,12,3,7,2,2,0,0,4,2,1,3,2,1,0,1,13,1,4,0,9,3,0,0,2,4,2,3,1,1,1,0,1,1,0,0,0,5,1,3,2,6,2,5,4,1,6,0,0,0,6,0,6,3,1,0,0,lenin
lenin_tsennoe_priznanie_I.txt,12,2,0,68,13,4,3,5,6,0,6,1,6,2,109,7,7,8,2,8,0,3,4,33,35,1,10,4,8,10,0,7,4,26,12,1,1,8,1,2,7,7,4,1,30,9,12,2,4,2,2,0,4,3,2,3,5,0,1,1,5,4,1,12,0,2,3,1,2,1,21,3,1,2,0,2,0,0,3,0,4,2,5,1,4,6,6,1,1,3,2,0,3,4,1,4,3,0,0,0,lenin
lenin_zadachi_rev_molodezhy.txt,26,5,10,98,3,9,5,3,16,7,9,9,8,3,179,15,8,19,4,5,2,7,8,45,62,5,8,3,6,10,15,16,1,1,47,1,21,6,7,0,3,12,6,13,47,4,17,4,11,7,14,3,9,17,6,11,2,5,7,12,6,18,1,27,5,15,6,1,4,7,22,2,1,8,7,5,25,3,3,1,13,3,4,2,16,8,2,6,5,4,1,2,1,14,12,13,10,0,0,4,lenin
lenin_zemsk_kampania_iskra.txt,32,1,9,144,9,15,4,10,40,10,15,20,17,9,197,12,10,26,15,10,7,6,34,84,100,6,25,10,5,25,11,23,7,19,70,4,12,12,7,16,12,20,15,13,40,21,28,5,8,12,33,2,9,5,4,4,5,17,14,4,18,14,4,40,4,5,8,7,4,15,59,7,14,23,2,2,10,21,12,0,4,9,6,2,19,13,8,11,4,8,7,4,3,19,8,4,11,3,2,2,lenin
martov_borba_za_svobodu_I.txt,10,1,6,101,2,10,13,3,25,3,28,9,9,22,122,7,6,20,12,4,1,5,11,39,53,3,13,9,1,21,3,3,3,1,33,3,10,12,5,2,11,12,3,6,39,9,8,4,3,9,17,0,4,3,8,4,22,3,2,2,3,6,5,23,2,5,1,4,3,6,21,9,6,10,1,0,8,7,11,4,4,5,4,4,18,5,6,5,5,11,10,1,7,7,9,4,5,0,0,0,martov
martov_boykot_dumy_i_rev_samoupravlenie_I.txt,25,1,5,117,6,10,4,2,16,10,13,17,17,8,110,15,16,22,6,8,1,13,17,51,68,1,23,9,6,33,4,23,9,0,25,5,10,11,10,10,10,17,6,9,59,13,23,4,15,3,21,1,10,8,6,7,6,17,6,10,8,10,6,45,3,9,2,7,4,6,22,2,5,15,3,5,5,7,5,6,3,4,12,2,33,6,6,1,9,2,15,4,7,7,1,10,4,3,5,3,martov
martov_demokraty_ponevole_I.txt,3,1,11,42,4,5,3,2,5,2,6,10,3,12,46,4,1,13,5,3,1,2,12,20,44,1,9,12,1,3,1,8,2,1,11,0,4,3,1,1,4,7,2,3,40,4,22,2,0,1,8,0,4,1,3,0,4,3,1,3,2,1,0,7,0,0,0,0,6,3,12,1,5,5,0,1,0,2,2,1,1,0,1,3,5,3,0,4,3,3,5,2,0,0,3,0,5,2,0,8,martov
martov_gibel_port_artura_I.txt,1,0,2,36,0,6,2,2,10,3,10,1,2,12,49,3,1,14,4,1,2,1,2,11,6,0,3,2,0,7,0,6,1,0,22,1,1,0,2,7,1,4,1,0,12,1,8,5,0,0,2,0,0,2,4,0,0,1,0,0,1,5,1,4,0,1,1,0,0,3,8,2,3,3,0,0,0,1,2,0,4,1,3,1,2,4,1,2,0,3,1,1,1,1,1,0,3,1,1,0,martov
martov_golod_idet_I.txt,2,0,0,17,2,2,6,0,2,0,1,6,1,10,31,0,6,3,1,5,2,0,0,13,10,1,2,1,0,2,0,1,1,2,6,0,0,1,1,0,1,1,1,1,4,1,3,0,1,4,0,0,0,1,0,3,2,0,1,0,5,2,0,7,0,0,1,0,0,0,5,1,1,0,2,0,1,2,10,0,2,0,0,1,2,0,0,0,3,3,1,0,0,0,1,0,0,1,0,0,martov
martov_itogi_polit_razvitiya.txt,6,0,12,206,15,23,7,4,34,11,24,4,21,22,249,12,9,18,3,4,2,1,2,60,45,0,28,13,3,21,3,11,13,5,67,9,5,2,14,1,6,11,1,16,4,4,16,9,24,13,3,10,4,11,0,5,1,1,10,0,10,15,5,51,18,14,2,0,0,9,10,1,5,4,0,0,4,25,19,6,25,5,5,7,17,1,9,7,1,2,0,6,1,3,0,0,6,9,0,0,martov
martov_itogi_zemskogo_parlamenta_I.txt,5,2,11,47,2,7,2,2,8,0,17,3,2,5,53,7,9,9,5,2,2,4,6,28,30,0,10,9,0,8,2,10,0,0,15,0,1,6,1,1,8,8,0,1,13,12,3,3,5,1,7,1,4,1,0,2,3,2,2,0,6,2,1,16,0,1,0,4,0,5,3,2,2,6,1,1,4,4,7,2,1,1,2,2,6,1,0,1,1,3,3,2,1,0,0,0,4,2,0,0,martov
martov_klass_protiv_klassa.txt,12,5,2,81,3,16,5,3,17,4,34,4,9,24,141,13,13,7,16,5,4,3,3,26,43,3,14,8,2,22,0,6,2,12,28,6,2,4,7,2,10,9,11,4,26,22,7,5,5,10,4,3,2,7,0,6,0,0,5,8,3,1,4,18,1,6,0,0,1,3,3,0,9,5,0,0,0,2,24,0,1,7,4,14,14,3,5,4,3,4,6,1,2,0,1,0,4,2,0,3,martov
martov_krovavoe_bezumie.txt,6,0,1,43,0,7,1,1,6,2,0,1,4,7,43,11,2,6,0,0,2,6,3,12,17,1,5,0,0,7,4,2,0,0,12,0,2,1,0,1,5,0,0,6,19,4,4,2,0,1,3,1,9,2,0,1,1,0,1,1,1,3,0,5,1,2,2,1,0,0,1,0,3,4,0,0,0,2,3,1,6,1,0,1,2,2,0,2,1,5,4,2,2,2,3,0,1,0,0,0,martov
martov_liberal_izmeny_I.txt,4,1,0,63,5,2,3,1,6,2,4,4,11,7,44,4,11,11,3,4,3,3,3,18,19,1,10,5,4,15,1,11,4,0,22,3,1,2,4,6,0,4,0,1,23,7,4,2,1,3,3,0,2,1,1,2,1,2,4,1,5,1,5,19,0,4,0,0,0,1,14,4,0,17,1,1,3,1,9,0,0,7,0,2,8,3,1,2,1,4,1,2,4,2,1,0,4,2,0,0,martov
martov_liberal_realizm_I.txt,10,2,2,68,3,7,3,4,17,2,6,6,16,5,91,7,8,14,6,2,9,7,4,36,56,3,10,9,0,25,3,6,5,0,24,1,2,4,4,3,6,7,1,8,37,9,3,4,1,8,6,2,4,3,5,3,17,6,5,4,2,5,5,24,1,11,1,3,0,10,12,5,7,6,1,0,10,2,7,11,4,6,2,3,8,3,0,4,5,4,6,1,0,3,6,3,4,0,0,1,martov
martov_mirovoy_bolshevizm_NQ.txt,40,5,19,630,24,40,27,9,78,26,91,23,53,27,558,58,53,124,47,37,17,28,33,168,185,4,57,31,10,82,11,54,34,11,120,7,12,32,20,6,36,48,15,20,143,23,61,26,22,16,33,14,30,31,10,15,16,21,35,27,31,31,12,125,23,29,11,4,3,22,69,9,14,39,21,1,25,82,17,57,8,15,21,12,61,32,16,23,13,22,6,19,7,35,18,14,24,17,0,3,martov
martov_nash_cyezd_I.txt,8,3,9,71,4,13,2,0,17,3,12,1,9,9,92,11,6,10,4,5,3,4,11,30,31,2,13,4,1,7,37,15,8,0,22,3,17,7,12,3,5,18,1,3,37,6,7,8,10,4,5,7,6,1,7,8,0,9,0,1,9,2,3,17,3,8,2,5,1,4,15,5,0,2,20,4,6,7,2,1,1,6,8,2,13,2,8,2,3,2,6,2,2,1,4,2,6,5,0,0,martov
martov_ne_nachalo_li_povorota_I.txt,7,1,5,110,3,3,2,4,19,6,15,14,7,9,68,3,10,15,7,5,2,11,11,37,42,1,17,10,3,17,9,11,7,1,42,5,4,3,8,5,9,12,3,4,23,11,19,7,9,5,12,1,5,4,7,3,0,3,5,4,7,9,4,23,5,5,2,1,2,5,12,6,1,24,6,5,7,6,3,6,6,8,4,6,13,3,4,4,9,3,5,1,1,1,10,0,4,2,0,0,martov
martov_o_4_syezde_Bunda_I.txt,2,0,1,34,3,2,2,0,10,6,1,1,3,0,17,7,0,9,2,1,0,5,4,12,13,0,4,3,0,7,7,4,1,1,10,0,4,0,0,0,0,4,0,0,14,1,5,1,2,0,3,0,2,5,3,1,5,2,4,0,1,1,0,3,1,2,1,0,1,1,8,5,2,0,0,0,1,4,1,0,6,1,3,0,5,2,1,0,1,1,1,0,0,1,3,4,4,1,0,0,martov
martov_o_terrore_I.txt,9,1,6,99,3,15,3,0,20,3,12,6,10,15,79,8,3,18,11,9,3,6,10,39,32,4,15,1,3,9,7,9,4,5,30,0,29,2,3,6,7,13,1,2,31,10,9,4,4,17,14,6,6,8,12,3,5,8,0,1,2,5,4,22,1,0,1,1,4,7,11,3,4,6,5,4,11,6,3,2,7,3,2,2,12,4,3,2,4,9,3,3,10,3,3,0,5,4,0,0,martov
martov_polit_partii_v_Rosii.txt,52,13,15,229,14,34,15,7,27,11,18,9,32,91,344,28,33,48,23,16,2,11,13,108,126,4,67,5,5,51,75,38,16,11,81,2,15,28,12,12,26,27,9,12,102,45,23,16,14,14,14,1,10,6,2,10,10,1,5,15,17,21,21,47,7,25,7,2,2,11,30,5,16,59,4,5,7,5,27,6,18,9,15,5,50,14,6,15,4,1,10,11,8,1,2,10,7,8,0,0,martov
martov_pravitelstvo_na_skamye_podsudimyh_I.txt,9,2,3,67,3,12,2,3,6,0,7,0,6,3,57,10,7,7,8,1,4,1,0,34,19,1,10,3,2,3,0,9,1,3,15,1,3,1,5,0,5,3,2,3,22,8,8,10,2,0,2,2,0,6,0,4,2,0,1,2,3,2,2,6,1,2,1,0,0,3,10,1,2,3,0,0,1,0,4,2,2,2,1,0,4,4,2,1,4,5,0,4,3,2,0,1,4,0,0,2,martov
martov_probuzhdenie_demokratii_I.txt,6,4,0,84,9,7,6,2,12,3,9,10,5,15,98,10,7,12,3,2,2,5,32,33,36,1,10,2,4,16,9,18,5,4,37,3,8,1,3,2,10,13,2,5,20,10,9,8,15,6,18,0,2,11,3,3,3,12,3,0,1,6,6,22,4,5,1,5,4,1,13,5,7,3,4,3,18,21,8,1,2,9,2,1,7,4,3,2,1,4,4,3,4,1,7,4,7,0,0,0,martov
martov_razgrom_I.txt,7,5,5,76,2,10,5,6,9,1,14,3,3,8,96,8,3,13,3,4,3,12,3,25,54,3,10,11,2,17,3,5,2,2,25,2,0,5,3,7,3,7,2,10,31,9,7,2,5,2,3,1,10,4,0,3,0,0,4,0,13,8,2,12,1,2,1,1,0,4,11,0,9,4,1,2,10,2,7,0,2,4,2,2,4,7,2,2,3,3,6,1,3,1,3,2,12,0,0,0,martov
martov_slezy_starogo_krokodila_I.txt,8,1,1,67,3,5,4,2,8,1,11,5,8,9,63,12,8,14,5,1,2,2,7,20,24,5,10,6,0,17,1,8,1,2,17,2,2,5,3,1,1,7,4,4,33,5,11,1,4,1,6,0,5,1,0,4,15,0,3,2,1,2,1,15,1,0,1,3,1,1,11,5,0,4,0,2,1,0,6,0,0,3,2,3,10,3,3,1,0,1,0,0,1,0,2,1,1,2,0,0,martov
martov_soc_dem_1905_1907.txt,3,0,3,66,4,0,4,0,8,3,7,2,6,6,62,4,5,14,0,1,1,1,0,18,11,1,6,0,0,6,6,6,7,2,23,1,4,3,2,0,3,4,3,1,4,3,2,1,2,2,2,0,2,5,2,0,0,9,7,1,1,1,1,9,4,2,1,0,0,0,4,1,3,0,5,0,13,11,5,4,3,3,1,0,7,1,1,2,1,2,1,1,1,3,0,0,0,0,0,0,martov
martov_tak_li_my_gotovimsya_I.txt,6,1,8,83,7,21,10,2,20,3,20,5,6,6,97,7,7,13,13,7,3,10,14,37,34,1,7,0,7,5,12,7,6,3,21,5,7,9,11,2,6,10,4,6,20,13,7,6,5,8,24,3,6,8,1,5,2,1,1,0,4,8,4,20,0,6,2,5,6,5,8,1,4,4,17,3,13,6,2,3,1,4,3,6,10,2,12,2,1,5,14,2,0,3,6,1,3,0,0,0,martov
martov_voyna_i_ross_dem.txt,25,7,6,302,17,20,7,7,52,14,21,22,20,49,273,25,20,44,8,11,12,23,35,101,128,5,29,8,8,41,1,17,18,5,74,6,9,8,16,4,24,15,10,14,80,22,25,15,12,19,56,9,13,41,12,7,3,27,33,9,12,30,3,61,6,9,6,5,4,30,18,1,23,5,11,3,4,19,18,22,49,3,18,16,34,18,1,8,3,15,13,2,5,1,15,3,14,11,3,4,martov
ortodox_eshe1_kritik_Marxa.txt,7,0,7,51,1,5,0,1,7,2,16,4,11,3,57,8,1,25,1,3,3,1,5,16,35,3,8,17,0,7,0,8,1,0,16,2,0,10,3,0,3,2,0,2,25,2,11,5,0,0,9,10,2,6,3,2,2,1,4,4,3,8,1,15,0,4,1,2,2,4,9,0,2,0,0,3,0,1,6,2,0,2,1,1,7,8,4,1,0,2,0,1,1,3,6,6,5,1,0,0,ortodox
ortodox_pismo_evreya_k_evreyam_I.txt,11,0,2,47,1,9,1,3,16,1,6,10,10,7,82,8,5,28,7,5,3,10,9,38,29,1,14,12,1,7,2,6,2,2,23,2,10,5,3,0,8,13,7,0,42,6,8,3,10,2,15,7,6,2,7,0,0,0,4,3,1,6,3,20,0,6,3,0,2,6,5,1,3,2,7,2,1,6,2,0,1,2,4,3,11,10,3,1,0,3,5,3,5,2,2,1,5,0,0,4,ortodox
ortodox_v_otvet_Bovu_I.txt,11,2,5,94,1,7,1,5,13,3,7,14,15,6,145,6,8,28,11,8,5,9,21,50,53,3,22,12,4,8,3,10,3,0,42,4,21,12,5,1,12,14,4,1,52,9,10,4,6,2,18,4,4,9,5,1,0,1,6,4,1,2,3,29,3,10,7,5,2,7,14,6,9,4,2,7,3,7,9,0,1,5,2,3,27,11,7,4,8,5,2,4,3,7,2,1,8,1,20,0,ortodox
parvus_bez_tsarya_pravitelstvo_rabochee.txt,9,1,1,8,0,6,2,2,2,0,6,4,1,9,26,3,1,5,4,1,0,0,0,5,17,1,6,5,1,7,0,2,1,3,9,0,0,1,1,4,0,7,6,1,7,2,2,1,0,0,0,1,0,0,0,1,0,0,1,0,2,2,2,4,0,0,0,0,1,2,3,0,0,2,0,0,2,0,3,2,1,3,1,1,4,1,2,0,0,0,10,0,0,0,0,1,0,0,0,0,parvus
parvus_borba_protiv_tsarizma.txt,2,3,1,36,4,2,0,2,6,2,1,4,4,1,34,3,1,13,0,4,2,6,7,14,10,1,6,7,0,3,1,2,3,2,2,3,0,3,5,1,0,5,1,3,5,3,3,6,2,1,6,0,5,0,1,3,0,4,2,0,5,4,6,9,0,4,1,1,1,1,1,0,5,1,0,0,1,2,5,1,5,2,7,3,7,1,2,0,0,1,9,0,0,0,1,0,2,0,0,3,parvus
parvus_do_9_january_predislovie.txt,14,6,7,96,5,15,6,5,6,12,10,8,7,15,97,9,16,12,4,4,4,5,11,30,45,1,21,14,7,11,7,10,12,7,33,3,18,4,13,3,2,15,0,13,25,10,19,3,11,8,3,0,3,15,0,3,0,8,6,2,12,4,0,25,1,2,1,3,2,5,11,1,6,14,4,5,13,19,7,15,25,9,3,3,16,4,12,3,6,3,15,3,1,2,1,0,1,4,0,1,parvus
parvus_hod_revolucii.txt,5,1,0,35,1,6,4,1,4,1,12,3,8,6,42,3,2,7,3,1,0,3,3,14,23,1,9,1,15,2,4,3,8,5,9,1,4,1,3,1,1,6,3,7,10,6,5,2,1,3,1,0,4,6,2,1,0,1,0,1,0,7,0,3,1,4,0,1,3,3,0,0,3,2,1,0,7,5,1,6,0,2,2,1,9,1,3,0,1,1,8,1,0,1,1,0,3,0,0,0,parvus
parvus_itogi_i_perspektivy_I.txt,20,0,14,58,5,19,0,5,1,5,2,7,10,17,74,6,8,10,2,2,3,0,8,40,46,4,28,8,6,2,0,11,2,13,37,4,4,2,5,5,5,12,3,7,16,8,13,4,4,6,19,4,1,8,0,2,0,2,9,0,8,3,4,26,0,0,1,0,1,1,4,0,17,12,7,2,6,1,4,6,7,5,2,8,13,0,3,5,2,1,10,5,0,1,5,1,3,5,0,0,parvus
parvus_ministerstvo_Briana_France.txt,8,1,7,53,4,2,1,2,5,0,6,3,7,8,42,1,6,9,1,0,0,3,1,11,26,1,12,4,1,2,1,1,4,9,15,0,0,5,1,6,1,3,4,4,13,9,6,1,6,2,1,2,2,12,0,3,0,1,1,0,5,1,0,11,0,1,0,1,2,0,3,0,5,3,0,2,1,8,1,4,0,1,1,1,8,4,3,0,2,1,0,4,0,0,1,1,2,4,0,0,parvus
parvus_nashi_zadachi.txt,12,1,2,98,9,12,8,2,8,2,15,3,8,9,105,3,9,6,3,5,5,2,12,25,32,1,20,4,4,13,5,5,9,10,24,2,13,5,0,4,5,8,1,8,11,4,9,2,9,14,8,1,2,11,3,2,0,11,0,1,1,6,0,26,0,7,1,7,2,1,1,0,15,4,2,4,13,20,7,21,24,8,4,3,11,2,4,3,1,0,3,4,0,2,0,0,1,6,0,0,parvus
parvus_onp1_o_i_socrev_razvitie.txt,4,2,3,80,7,14,3,1,9,3,12,6,11,11,100,10,6,15,8,2,3,3,7,43,44,1,14,8,6,14,7,6,4,7,30,1,18,9,10,6,4,10,4,11,19,5,13,3,5,4,4,2,0,8,3,5,5,9,0,1,6,7,0,19,0,2,3,1,1,7,5,0,4,3,2,0,3,14,1,1,2,2,1,7,10,0,8,2,2,3,4,2,0,1,3,2,5,2,1,5,parvus
parvus_pismo_tverskomu_komitetu_I.txt,21,1,2,74,2,6,3,4,2,7,2,8,10,5,77,5,7,10,3,3,1,4,2,30,32,6,17,14,2,10,36,13,10,5,27,2,16,6,8,0,4,14,2,6,18,7,17,1,6,5,11,4,4,7,3,1,0,8,11,4,9,13,0,16,0,1,2,1,0,5,1,1,14,5,12,1,6,5,6,3,7,9,1,6,8,1,4,1,2,2,9,0,0,3,3,3,3,4,0,4,parvus
parvus_poTurmam.txt,137,30,229,1037,94,183,30,43,152,88,129,94,161,101,1046,199,107,323,106,69,49,60,264,459,564,41,270,157,31,134,2,191,91,20,296,45,4,166,38,69,65,114,131,96,419,122,301,31,22,11,192,120,67,76,17,45,9,2,34,12,119,83,21,196,32,41,54,78,107,60,97,13,63,128,0,53,13,1,19,10,12,49,67,59,217,42,55,42,36,47,57,108,33,9,73,5,54,72,1,714,parvus
parvus_rus_and_rev_predislovie.txt,1,1,1,17,1,1,0,3,2,0,3,0,0,1,12,3,0,2,3,0,0,0,1,6,7,0,2,0,0,3,0,2,1,0,2,0,0,1,0,0,1,3,0,2,1,0,0,1,0,0,0,1,0,0,0,0,1,0,3,0,1,0,0,5,0,0,0,0,0,0,2,0,0,0,0,0,0,0,0,0,3,0,0,0,1,0,1,0,1,0,1,1,0,0,2,0,1,0,0,3,parvus
parvus_samoderzh_i_fin_I.txt,24,2,10,52,4,7,1,4,1,6,4,6,14,6,35,12,1,13,3,0,0,3,0,35,22,2,10,7,3,15,0,14,0,0,16,1,0,9,7,3,3,8,2,8,18,5,6,2,5,0,3,6,1,1,0,3,13,0,0,0,6,3,0,9,0,6,0,0,2,2,4,1,2,3,0,1,1,0,5,0,4,0,0,2,14,2,3,0,1,2,1,1,0,1,1,0,3,1,0,0,parvus
parvus_soldatskie_mitingy.txt,3,0,1,8,0,1,0,0,1,0,2,2,6,2,15,1,3,5,2,3,0,0,0,7,10,1,1,1,0,2,0,1,0,1,5,0,0,1,0,0,1,2,3,0,2,8,2,0,0,0,1,1,1,0,1,1,0,0,0,0,0,2,0,1,0,0,0,1,0,0,1,0,0,1,0,0,1,0,0,0,1,1,1,1,1,1,1,1,1,0,0,0,0,0,0,0,1,0,0,0,parvus
parvus_tua_res_agitur_I.txt,1,2,5,56,2,3,5,1,3,3,5,5,2,13,54,12,6,15,4,3,0,5,4,16,28,0,20,10,2,4,2,6,4,1,15,2,10,7,2,2,4,9,1,3,24,5,12,1,2,1,15,4,4,3,0,1,1,4,1,0,6,0,3,9,0,0,0,1,3,4,12,2,10,14,0,1,3,1,4,0,2,6,2,1,7,2,5,6,4,1,0,2,5,0,5,0,7,1,0,0,parvus
parvus_v_chem_my_rashodimsya_otvet_leninu.txt,67,2,28,270,14,47,14,20,39,10,58,36,36,29,311,33,40,58,24,7,5,15,71,130,180,16,75,73,9,40,17,46,17,35,86,11,30,19,18,22,21,41,14,30,140,42,66,8,10,34,41,7,11,19,6,14,0,13,13,6,28,27,13,56,4,8,8,32,17,16,12,5,14,48,20,4,43,19,43,31,12,19,9,14,54,23,21,5,10,7,23,11,4,5,11,5,18,9,0,65,parvus
parvus_virIII_9_mes_voyny_I.txt,16,4,6,101,5,16,4,10,11,15,9,12,18,15,106,12,10,18,7,7,2,8,1,66,42,2,27,9,7,23,1,16,25,1,39,10,0,7,14,15,4,22,8,15,41,17,32,1,11,0,18,4,2,8,2,6,0,0,24,1,19,5,6,40,0,2,10,0,0,1,9,2,19,9,0,9,2,0,7,0,41,6,2,2,21,5,9,3,4,5,19,1,5,3,5,4,5,10,0,1,parvus
parvus_virII_padenie_samoderzhaviya_I.txt,30,8,19,185,13,19,5,17,23,8,21,9,20,19,174,14,6,25,9,8,2,16,1,77,81,2,40,7,18,22,0,22,18,1,52,7,0,15,4,10,13,33,8,20,51,17,23,6,5,1,24,4,9,9,4,5,1,0,15,0,24,5,2,32,0,18,4,0,3,1,16,1,19,7,1,6,1,0,9,3,34,4,10,8,18,7,7,2,5,4,7,7,4,1,3,3,4,3,0,3,parvus
parvus_virIV_samoderzh_i_reformy_I.txt,24,3,10,72,1,18,0,4,11,9,14,13,9,12,93,5,12,8,5,7,5,13,4,50,52,2,26,8,44,8,1,17,11,3,21,6,1,6,13,2,4,15,2,7,33,12,14,3,7,1,39,5,3,3,1,4,0,1,8,1,12,2,3,20,0,2,4,2,1,3,4,2,8,8,2,1,21,3,9,3,17,7,6,4,10,4,6,3,3,6,9,4,0,5,3,2,11,1,0,1,parvus
parvus_virI_kapitalizm_i_voyna_I.txt,21,7,10,143,15,25,1,7,14,15,7,3,22,18,163,9,9,29,3,5,3,6,3,67,33,2,28,15,2,10,0,17,7,1,46,6,4,16,8,6,6,12,5,14,35,13,19,2,10,0,7,9,4,8,5,6,0,3,38,0,16,4,0,42,0,13,1,0,0,2,14,4,24,8,0,4,2,0,5,2,20,12,15,9,24,2,10,4,5,4,2,3,1,1,4,1,3,14,0,3,parvus
parvus_vnesh_politika_germanii.txt,4,1,1,19,1,3,0,0,6,0,1,1,1,4,27,4,0,4,3,1,3,0,1,8,14,1,6,2,1,3,0,1,3,0,9,1,0,1,2,3,1,4,2,6,7,2,3,0,2,0,3,2,0,0,0,0,0,0,2,0,0,0,0,5,0,3,0,0,1,1,5,1,3,1,0,0,1,0,0,0,6,1,2,0,3,1,0,0,2,0,0,1,0,1,1,0,0,2,0,0,parvus
plehanov_beliy_terror_I.txt,8,1,4,62,6,7,2,3,11,4,20,5,4,7,85,6,4,13,5,1,2,6,20,36,26,1,13,11,15,4,1,14,2,5,17,1,1,5,1,18,3,12,5,5,45,6,11,1,12,4,8,5,7,2,4,4,0,1,2,1,9,9,1,16,2,0,2,6,6,5,6,0,2,1,1,2,0,4,2,1,3,1,1,5,8,4,10,2,2,5,0,4,1,3,0,1,6,2,0,9,plehanov
plehanov_cant_vs_kant.txt,44,5,9,283,15,26,8,17,33,18,82,38,42,11,275,46,33,69,14,15,8,20,58,88,167,33,81,78,12,29,6,37,8,1,74,7,22,38,21,22,17,32,21,11,174,19,58,11,14,5,48,20,14,10,16,7,155,10,19,17,12,55,11,77,13,14,9,8,7,29,53,13,23,23,0,27,0,3,22,9,4,16,8,3,61,21,17,13,21,13,1,6,7,15,15,18,21,2,0,12,plehanov
plehanov_grustnoe_nedorazumenie_I.txt,27,0,15,92,5,8,1,5,8,8,14,13,15,4,88,16,17,25,12,9,4,4,12,27,85,7,32,32,2,14,15,25,3,3,37,0,4,11,9,8,10,14,12,6,78,4,34,1,4,1,30,2,11,15,10,4,3,0,3,3,11,14,5,26,2,4,5,5,9,9,20,2,3,12,1,12,2,5,3,0,1,1,5,6,24,4,7,7,5,5,3,6,2,1,11,17,12,1,2,46,plehanov
plehanov_gzha_breshkovskaya_I.txt,5,2,7,55,1,2,4,4,6,5,12,8,13,6,73,9,4,11,4,3,2,1,10,22,38,0,13,5,2,5,4,13,4,0,19,2,2,5,5,0,2,8,9,0,38,3,14,6,2,0,11,1,3,3,2,1,27,0,5,2,3,7,0,24,2,4,1,2,5,1,15,3,18,1,1,8,0,0,4,0,3,3,1,2,14,9,4,3,5,1,0,4,2,5,2,8,2,4,8,21,plehanov
plehanov_k_agrarnomu_voprosu_v_Rossii_NQ.txt,50,6,21,196,8,19,4,8,27,6,35,33,36,17,147,26,21,52,18,14,4,16,26,78,152,6,60,45,6,17,9,26,13,3,46,9,25,24,16,13,17,27,20,15,139,14,70,12,12,1,42,6,15,15,16,6,7,3,13,5,7,34,11,51,3,12,7,16,13,10,35,5,11,15,0,8,0,2,8,2,11,16,11,8,48,25,8,9,9,16,15,10,1,11,14,11,14,8,57,45,plehanov
plehanov_k_voposu_o_zahvate_vlasti_I.txt,16,2,7,91,7,7,1,3,11,3,11,8,12,6,97,7,6,21,5,5,3,3,11,27,45,6,27,11,1,2,4,15,4,3,26,3,1,8,5,7,6,12,4,7,38,8,9,5,4,2,30,5,7,6,7,3,6,6,4,1,6,3,12,24,3,0,1,5,5,1,8,6,2,17,1,7,3,10,6,13,0,5,4,6,12,7,1,3,6,2,6,4,3,6,1,5,12,3,0,6,plehanov
plehanov_krasniy_cyezd_I.txt,12,6,8,80,3,6,3,4,17,5,16,10,6,5,71,14,9,19,7,6,2,6,14,32,44,2,22,6,2,9,15,14,1,0,26,6,28,12,11,7,2,16,7,4,49,3,17,2,6,0,26,5,10,6,3,2,12,7,13,1,5,6,4,13,2,3,2,2,2,6,18,1,6,11,3,16,1,11,6,1,1,8,2,7,20,6,9,4,3,6,1,5,2,3,3,4,5,6,3,6,plehanov
plehanov_logika_rus_terrorizma_I.txt,15,2,1,66,7,19,0,3,15,1,6,12,19,9,76,7,14,24,8,1,2,8,12,30,60,3,22,4,3,1,1,18,9,4,14,2,0,8,3,8,10,9,7,9,57,4,24,5,4,13,17,4,6,6,0,0,2,0,6,5,10,9,2,17,5,2,3,7,7,9,9,3,19,7,2,9,1,2,3,0,4,1,3,0,22,11,7,0,3,6,9,2,4,4,6,4,9,4,0,1,plehanov
plehanov_martovskie_idy_I.txt,5,2,18,70,5,6,2,1,8,2,16,5,8,3,77,13,6,15,4,5,1,1,3,19,34,1,15,3,1,1,1,5,1,9,19,1,0,5,5,2,6,10,2,7,22,3,7,4,7,2,15,1,2,4,1,1,8,0,3,0,4,4,4,5,2,9,4,2,1,8,9,1,1,8,1,3,0,6,1,4,0,4,7,0,6,3,5,4,4,1,1,10,4,3,3,0,4,3,0,0,plehanov
plehanov_na_poroge_20v_I.txt,4,1,1,35,2,2,4,1,10,1,11,3,2,7,50,3,9,6,1,3,0,6,5,10,13,1,9,5,1,2,2,2,1,3,6,0,4,4,3,2,0,1,3,4,15,0,5,1,5,2,7,3,2,2,0,1,0,0,4,1,2,6,2,3,4,5,1,3,3,6,3,1,2,0,0,3,1,2,1,0,1,1,0,3,7,3,4,1,2,1,6,1,1,0,0,2,6,0,0,0,plehanov
plehanov_neosnovat_opaseniya.txt,4,0,4,15,1,2,1,4,5,0,0,3,1,0,20,1,4,3,5,0,3,2,0,7,24,1,5,4,1,2,4,3,0,4,6,1,2,2,0,2,2,3,5,2,22,0,6,2,4,0,8,1,1,1,0,0,7,0,2,3,3,4,4,1,0,0,0,0,6,3,1,0,7,4,0,0,0,5,2,0,1,4,2,3,8,3,2,2,0,2,4,1,4,0,4,1,1,0,0,8,plehanov
plehanov_o_chernoy_sotne.txt,18,2,5,44,1,11,0,4,7,6,18,5,14,4,69,7,14,15,9,8,2,4,7,19,43,4,9,14,5,16,0,12,4,1,17,2,1,6,4,3,5,12,6,7,36,5,22,1,3,0,11,1,3,2,3,0,0,0,3,2,5,6,2,24,0,1,4,2,4,2,8,0,5,13,0,6,2,2,7,0,1,2,0,2,14,3,4,4,5,5,1,1,3,3,0,1,5,5,1,12,plehanov
plehanov_otvet_sionistam_I.txt,7,1,9,29,0,4,0,1,5,0,7,4,5,1,26,5,2,8,1,0,1,4,0,17,31,0,12,8,4,4,2,4,1,0,11,0,4,3,3,1,4,4,1,1,34,4,14,2,4,0,9,4,3,0,2,0,0,1,2,0,0,3,1,5,0,0,0,0,1,4,11,3,0,8,1,3,0,1,2,0,6,2,1,2,12,4,5,1,2,1,0,2,3,2,0,3,7,0,1,11,plehanov
plehanov_pervie_frazy_uchenia.txt,75,15,47,465,38,43,20,18,51,34,111,47,55,38,560,50,72,102,40,33,11,23,68,168,248,14,116,68,12,59,17,57,14,13,139,10,13,49,36,25,32,55,29,36,269,27,93,29,33,44,66,13,20,48,7,19,71,6,43,24,43,41,28,109,24,36,25,11,11,25,81,21,33,63,2,24,9,21,35,12,0,26,13,4,89,32,23,24,18,16,4,27,15,13,17,11,26,28,0,14,plehanov
plehanov_pessimizm_kak_otrazhenie.txt,61,8,52,266,11,41,9,13,40,28,73,23,24,26,377,28,26,72,24,12,6,10,65,99,210,19,88,68,14,46,0,49,15,1,85,16,0,35,26,23,21,32,50,22,157,12,51,15,11,0,54,19,12,27,6,5,29,0,21,10,24,18,18,68,18,15,12,17,40,31,45,6,14,33,0,15,0,0,8,0,13,13,17,18,59,18,16,19,10,11,10,28,12,21,28,15,18,10,0,24,plehanov
plehanov_pismo_k_rabochim.txt,5,0,2,12,1,4,1,0,3,1,3,2,3,4,11,1,0,3,3,1,1,1,6,7,17,0,2,3,5,2,2,0,0,1,7,1,0,1,4,7,0,0,2,2,12,1,3,0,0,1,3,0,1,1,1,2,5,0,2,0,2,1,1,5,0,1,0,1,2,1,0,1,0,1,0,1,0,0,2,0,0,0,1,1,3,0,2,0,3,1,3,0,0,0,0,0,0,1,0,1,plehanov
plehanov_police_anisemitizm_I.txt,13,5,18,65,2,16,3,0,6,3,14,12,11,7,93,15,9,16,8,1,3,0,18,32,82,0,25,5,3,8,2,7,4,3,24,2,8,7,4,10,5,7,5,10,56,7,21,4,2,4,22,2,6,5,2,3,20,1,9,5,7,4,5,14,5,4,1,4,6,11,7,0,1,7,1,7,1,5,3,0,1,0,1,5,20,6,2,1,7,7,2,8,4,3,2,4,6,5,1,5,plehanov
plehanov_pora_obyasnitsya.txt,8,1,2,25,3,2,1,2,2,8,3,5,8,3,33,6,3,14,3,3,3,4,4,17,35,3,16,5,0,8,4,12,2,0,14,1,1,4,1,1,3,11,3,1,29,0,18,2,1,1,8,4,5,3,0,2,1,0,7,3,1,3,1,9,1,1,2,0,1,1,2,3,8,1,0,4,0,0,3,0,0,2,2,3,11,0,2,0,5,2,2,0,1,2,1,1,6,5,0,13,plehanov
plehanov_simptomat_mistake.txt,11,1,9,35,1,5,0,1,6,2,19,6,10,2,61,8,6,12,0,4,1,5,1,19,45,2,16,8,2,5,0,10,1,0,12,1,0,6,7,6,3,10,4,3,33,5,13,4,1,0,13,2,10,2,3,1,0,0,6,2,3,1,5,12,1,3,5,1,5,1,5,2,9,8,0,7,0,0,1,0,4,0,5,0,5,6,4,4,2,2,0,3,0,1,4,2,8,5,0,13,plehanov
plehanov_slovo_prinadlezhit_menshevikam.txt,12,0,3,29,1,3,1,0,6,2,5,9,4,2,31,4,3,5,0,2,2,5,2,12,33,2,10,1,5,3,7,8,4,0,14,1,0,4,1,0,1,11,3,1,19,1,5,2,0,1,18,0,6,3,3,1,1,0,2,1,5,2,0,11,1,3,1,0,3,1,11,1,4,1,0,2,0,0,0,0,1,4,2,1,6,5,0,1,4,1,1,1,1,2,1,0,1,5,0,16,plehanov
plehanov_torzhestvo_sr_I.txt,3,0,3,26,0,9,0,1,4,8,3,1,3,2,34,2,4,5,3,1,2,4,10,12,25,1,8,0,0,4,5,18,0,0,7,3,6,6,1,1,1,6,1,1,23,3,7,1,0,1,3,1,0,2,0,1,3,2,1,2,4,4,1,5,2,0,0,4,2,11,10,3,2,3,1,0,0,1,3,0,5,2,4,1,7,1,1,1,3,0,0,4,1,2,2,2,0,0,1,0,plehanov
plehanov_uspenskiy.txt,123,20,49,494,21,85,21,41,65,31,181,30,106,57,668,73,44,176,30,21,15,44,83,193,367,38,144,240,15,52,0,88,25,4,186,14,3,63,30,26,36,81,68,40,321,34,81,12,25,8,88,22,21,30,9,17,16,0,36,32,29,52,25,149,14,21,36,27,16,66,70,21,31,35,6,24,1,5,9,1,16,26,32,21,139,33,37,17,27,26,26,10,21,15,33,29,43,5,0,37,plehanov
plehanov_vremena_menyayutsya_I.txt,0,2,3,32,5,3,1,2,4,1,3,1,1,3,30,4,6,3,4,1,1,0,10,17,25,0,8,2,2,5,1,3,3,0,7,1,0,1,0,6,1,7,3,7,13,3,5,1,3,1,4,4,1,8,1,1,7,0,2,2,2,2,0,5,1,0,1,1,0,0,2,0,2,2,0,2,0,0,3,2,4,3,1,1,4,1,5,4,1,1,0,3,0,0,1,0,2,0,0,0,plehanov
plehanov_vroz_idti_vmeste_bit_I.txt,16,8,8,97,13,11,9,8,14,7,20,8,8,7,96,8,5,21,6,10,4,7,25,45,58,4,12,4,1,15,4,14,15,1,28,11,8,7,12,19,7,12,12,5,41,7,19,1,13,5,12,3,5,4,2,2,1,3,8,1,8,8,1,27,2,5,0,12,20,15,21,4,9,4,1,5,2,7,4,1,6,5,4,4,22,9,10,1,6,2,10,0,6,6,4,4,6,1,0,3,plehanov
trotsky_chto_dalshe.txt,12,8,11,90,10,8,5,1,23,8,9,8,13,11,105,12,13,20,2,3,9,7,11,43,56,7,34,10,2,12,8,21,2,9,37,3,9,8,6,7,7,14,4,10,25,13,16,4,2,3,14,3,5,12,6,4,5,3,10,2,13,14,1,19,4,0,3,1,6,6,10,1,16,14,5,2,5,7,4,22,5,6,7,5,11,1,3,4,3,4,12,1,5,3,2,2,10,5,0,1,trotsky
trotsky_dem_i_rev.txt,21,9,8,128,6,16,2,6,33,9,21,19,15,19,192,18,19,33,10,8,4,24,30,81,115,13,36,11,6,37,8,9,6,4,51,7,8,28,7,2,11,29,10,0,82,16,26,4,6,4,22,0,13,9,12,3,7,14,16,12,16,13,2,44,5,4,4,4,6,15,11,4,31,56,1,0,7,3,2,12,7,7,7,9,25,9,3,5,2,9,20,5,5,3,8,4,8,3,0,5,trotsky
trotsky_demokratia.txt,6,3,2,33,1,2,2,0,5,1,1,9,10,4,51,3,9,9,2,4,2,3,13,31,32,5,6,1,3,10,0,2,2,0,12,3,0,6,1,2,3,9,3,2,23,2,8,0,1,0,4,1,3,0,2,1,5,7,0,1,4,4,3,7,2,0,2,2,1,5,4,1,12,1,1,1,2,0,3,1,1,2,0,3,5,1,0,0,2,3,3,2,0,0,5,0,1,1,0,1,trotsky
trotsky_dve_tolpy_I.txt,1,1,9,38,2,7,2,0,1,2,2,2,2,7,67,11,3,7,4,2,2,1,6,18,31,1,2,4,2,3,0,9,1,1,15,3,0,6,3,1,0,4,0,1,13,0,8,2,1,0,5,1,3,3,2,0,2,0,0,0,0,3,1,7,0,1,0,0,1,8,3,3,2,9,0,0,1,0,3,6,0,0,3,4,2,1,2,3,2,1,0,1,0,0,0,2,0,0,0,0,trotsky
trotsky_idealisticheskaya_gamma_I.txt,5,0,2,14,0,4,0,0,2,0,2,2,0,3,19,2,1,3,0,0,3,0,2,7,7,3,0,0,0,2,0,2,0,0,5,0,0,0,0,0,1,2,3,0,9,1,5,1,1,0,2,0,0,0,0,0,17,0,1,4,0,3,0,4,1,0,0,0,0,3,1,0,1,0,0,0,0,0,0,0,0,0,0,0,2,0,1,0,0,0,2,0,1,0,0,0,0,0,0,0,trotsky
trotsky_intellig_dem.txt,61,20,52,477,19,83,36,18,65,21,28,50,61,73,684,70,52,145,28,37,6,32,93,206,260,14,111,26,17,74,3,86,36,17,135,8,6,55,30,12,40,46,27,42,194,50,75,16,35,16,79,19,43,24,26,16,38,28,53,7,41,39,15,152,32,17,12,6,11,26,61,22,58,67,15,9,32,15,20,7,12,30,12,14,70,19,22,25,17,25,18,31,10,8,21,16,30,24,0,4,trotsky
trotsky_k_smerty_parvusa.txt,4,0,3,33,1,2,2,3,6,0,15,1,3,5,29,2,2,6,2,1,1,1,2,16,14,0,9,17,0,5,0,6,1,0,14,2,1,2,2,0,2,1,3,2,15,1,4,4,2,1,3,6,2,1,2,0,0,1,2,1,4,1,3,9,0,0,0,1,1,2,11,0,4,3,0,1,0,0,3,7,0,2,0,1,10,2,2,2,0,0,0,0,0,0,0,2,4,0,0,4,trotsky
trotsky_kapital_v_opozicii.txt,19,10,12,138,5,17,10,13,40,9,14,7,23,20,240,12,11,41,3,7,3,11,13,77,86,6,36,12,3,26,0,20,27,24,51,5,0,14,7,3,9,23,7,9,57,6,16,1,14,7,22,3,14,10,2,6,4,0,13,4,8,8,6,42,4,10,5,2,3,16,16,4,13,8,2,3,9,7,3,1,8,7,3,2,10,6,9,8,8,7,3,0,2,3,1,7,8,4,0,0,trotsky
trotsky_opekaemoe_studenchestvo_I.txt,8,0,2,32,1,2,0,1,4,2,4,2,3,0,33,4,0,14,1,1,0,5,6,11,22,0,6,3,5,8,4,1,0,0,15,0,0,5,0,1,2,4,0,2,9,4,3,0,2,3,3,0,0,1,2,0,5,3,0,0,1,5,1,5,3,3,1,0,0,2,3,1,0,1,1,0,2,2,2,0,0,0,2,2,2,1,0,0,1,3,0,0,0,0,2,2,3,0,0,0,trotsky
trotsky_perm_rev.txt,184,41,81,1369,41,113,35,46,147,79,85,99,170,104,1224,155,68,289,49,40,37,85,89,435,755,53,235,131,22,149,69,164,61,43,355,26,19,76,66,29,63,167,117,67,453,48,224,71,53,37,117,37,52,79,74,50,115,50,93,52,83,105,18,259,45,56,34,22,63,74,195,38,52,58,6,35,27,197,93,389,57,24,32,29,134,82,69,41,54,44,55,31,45,58,65,122,59,57,7,179,trotsky
trotsky_predisl_nasha_rev.txt,1,2,1,10,0,1,0,0,2,1,6,3,5,1,11,5,0,2,1,0,3,2,7,5,6,1,2,3,0,1,1,5,2,1,7,0,2,3,1,2,1,1,0,0,6,0,3,0,0,1,3,0,0,0,0,0,1,2,0,2,0,0,1,2,1,0,0,2,0,0,4,1,1,0,0,0,1,1,0,1,0,0,0,0,4,0,1,0,0,2,0,0,0,0,0,0,2,0,0,0,trotsky
trotsky_prolet_i_rev.txt,8,4,8,89,9,20,6,2,16,3,7,5,5,9,103,9,11,11,2,2,5,10,0,42,64,3,20,3,1,17,1,10,9,6,16,2,0,9,9,2,4,14,3,8,29,13,23,4,4,2,11,2,11,12,1,9,1,1,4,5,9,3,1,29,3,1,4,4,1,9,4,2,11,3,1,0,4,8,3,7,3,3,2,4,7,2,10,3,4,2,9,2,1,2,0,1,4,2,0,0,trotsky
trotsky_treb_zemtsy.txt,18,2,4,81,3,5,5,5,16,1,9,6,9,13,88,11,6,15,1,2,4,6,5,22,70,5,23,9,0,9,1,11,10,0,20,1,3,4,5,1,2,21,1,1,33,11,13,1,1,0,11,1,7,2,3,3,10,3,4,3,5,8,2,16,7,4,1,1,2,11,18,2,11,24,1,1,6,1,3,0,4,8,3,3,5,7,4,3,4,5,6,4,1,3,7,1,5,2,0,1,trotsky
trotsky_voyna_i_oppoz.txt,6,2,4,58,4,14,3,2,7,2,9,1,6,12,106,2,3,11,8,1,2,1,1,39,43,3,10,3,3,12,0,5,1,0,30,2,0,3,6,3,6,8,3,2,20,3,8,2,1,2,3,0,3,4,1,1,2,0,3,3,5,1,1,10,2,1,0,1,0,6,9,0,13,8,0,0,2,0,4,0,4,4,1,12,6,3,1,0,1,1,1,1,2,0,4,2,4,6,0,0,trotsky
zasulich_dobrolubov_I.txt,16,3,6,91,4,15,3,5,13,4,24,8,16,10,102,8,12,15,7,2,0,5,7,32,69,3,33,34,5,29,0,5,5,0,23,3,0,5,6,11,6,12,11,6,34,12,10,3,0,0,22,5,2,5,0,4,1,0,1,3,8,4,3,20,4,0,3,1,6,2,10,3,5,11,1,1,0,0,1,1,2,5,5,2,15,1,6,6,2,4,3,1,1,3,2,3,3,7,0,5,zasulich
zasulich_mihailovskiy_I.txt,5,4,2,42,5,3,3,1,8,0,13,0,2,6,42,10,2,11,5,3,1,0,2,14,34,0,9,8,1,5,0,9,0,0,16,1,1,6,2,2,2,4,1,7,7,4,7,7,1,2,3,7,2,0,0,2,0,3,0,2,5,4,2,9,3,0,2,0,0,3,0,2,1,1,0,0,0,1,1,0,4,3,0,1,5,0,1,0,0,1,2,4,0,3,1,0,2,2,0,0,zasulich
zasulich_o_chem_govoryat_nam_I.txt,25,5,19,150,6,26,12,7,12,13,13,16,16,8,121,14,13,29,12,1,3,20,5,63,86,6,37,7,7,11,1,16,9,13,40,11,17,4,6,6,5,18,16,21,46,11,20,3,6,2,34,1,10,9,0,5,0,9,2,1,17,14,1,23,13,1,8,7,2,12,24,3,12,8,1,7,0,2,10,16,5,4,4,4,18,9,14,8,3,4,11,10,6,8,5,0,7,5,0,0,zasulich
zasulich_ocherk_istorii_1internacionala.txt,51,32,55,568,38,83,46,24,95,35,103,14,83,79,653,107,84,83,12,21,16,27,29,256,249,6,111,54,16,80,6,143,48,120,181,32,0,52,29,22,15,47,13,51,158,35,43,25,25,14,51,31,30,48,23,13,13,1,13,11,33,39,21,128,58,40,16,8,5,51,91,27,15,70,26,14,13,11,51,2,3,24,7,14,41,16,19,15,23,18,17,37,12,12,7,16,27,17,0,14,zasulich
zasulich_po_povodu_uprazdneniya_Marx'a.txt,60,14,8,234,6,38,9,8,39,15,64,26,68,19,263,45,21,72,7,3,6,27,13,98,169,8,80,35,13,40,0,54,30,26,53,3,0,35,10,4,18,30,16,14,131,10,49,12,6,0,53,5,10,9,0,13,39,0,4,19,11,25,4,44,37,18,11,11,4,31,31,14,7,13,0,5,3,0,3,0,0,11,18,4,43,15,19,8,7,10,1,4,5,10,8,23,23,3,0,21,zasulich
zasulich_rev_studenchestvo1_I.txt,3,0,0,28,0,3,2,0,2,1,2,0,1,0,21,5,3,7,0,1,1,2,2,6,11,0,4,0,0,2,2,6,3,0,9,0,2,1,1,0,0,0,1,2,6,0,0,1,2,3,1,0,0,0,0,0,1,0,0,1,0,1,0,2,2,2,1,2,0,0,2,1,0,1,3,0,1,0,0,0,2,1,1,0,1,0,1,0,2,1,0,1,0,1,0,1,2,0,0,0,zasulich
zasulich_rev_studenchestvo2_I.txt,19,0,4,84,7,17,5,0,7,2,15,5,22,9,88,13,12,13,13,3,5,4,9,19,41,2,20,6,0,8,4,8,6,6,19,1,16,8,6,4,3,14,4,9,38,8,11,1,2,1,19,1,7,14,0,4,8,0,2,0,2,9,6,16,7,0,1,4,7,2,11,6,4,19,0,3,5,10,4,7,3,6,5,4,20,5,4,6,6,2,1,2,5,6,2,1,3,2,0,0,zasulich
zasulich_vystrel_Karpovicha_I.txt,25,5,8,55,3,26,1,3,11,3,14,14,8,12,82,7,10,7,3,3,1,6,7,29,60,4,19,6,6,7,0,18,5,3,23,3,0,7,2,7,2,14,10,4,32,7,16,7,1,7,17,1,6,5,4,4,1,0,0,0,4,9,3,18,9,4,2,5,1,10,6,3,4,12,0,4,0,0,6,0,1,1,7,4,15,5,7,3,3,2,3,5,1,0,4,0,3,2,0,0,zasulich
